date,opening_cash,customer_receipts,other_inflows,supplier_payments,payroll,operating_expenses,debt_service,capex,fx_payments,closing_cash,ar_due,ap_due,currency_exposure,data_updated_at,is_actual
2024-12-26,850.0,8.86,1.06,6.35,0.0,2.03,0.0,0.0,2.86,848.68,9.57,6.03,3.28,2026-06-13,True
2024-12-27,848.68,9.51,1.27,8.88,0.0,1.98,0.0,0.0,1.05,847.56,10.28,10.12,1.21,2026-06-13,True
2024-12-28,847.56,9.72,1.32,5.94,0.0,1.95,0.0,0.0,0.97,849.74,10.49,5.64,1.11,2026-06-13,True
2024-12-29,849.74,10.65,1.17,5.26,0.0,2.4,0.0,0.0,0.85,853.04,11.5,4.99,0.98,2026-06-13,True
2024-12-30,853.04,11.97,1.04,6.32,17.41,2.35,0.0,0.0,0.81,839.17,12.93,6.0,0.93,2026-06-13,True
2024-12-31,839.17,11.18,1.27,5.39,0.0,1.88,0.0,0.0,2.5,841.86,12.08,5.12,2.88,2026-06-13,True
2025-01-01,841.86,9.44,1.17,5.69,0.0,2.09,0.0,0.0,0.88,843.81,10.2,5.41,1.01,2026-06-13,True
2025-01-02,843.81,10.52,0.87,45.44,0.0,2.11,0.0,0.0,2.89,804.76,11.36,43.16,3.32,2026-06-13,True
2025-01-03,804.76,9.44,1.18,5.48,0.0,2.11,0.0,0.0,1.14,806.65,10.19,6.24,1.32,2026-06-13,True
2025-01-04,806.65,9.93,0.79,6.1,0.0,2.23,0.0,0.0,0.51,808.52,10.72,5.8,0.59,2026-06-13,True
2025-01-05,808.52,10.23,1.2,6.48,0.0,2.02,0.0,0.0,0.73,810.71,11.04,6.15,0.85,2026-06-13,True
2025-01-06,810.71,13.93,0.84,3.37,0.0,1.74,0.0,0.0,1.18,819.18,15.05,3.2,1.36,2026-06-13,True
2025-01-07,819.18,12.47,1.13,3.98,0.0,2.15,0.0,0.0,2.99,823.67,13.47,3.78,3.44,2026-06-13,True
2025-01-08,823.67,9.68,0.82,4.94,0.0,2.18,0.0,0.0,0.94,826.11,10.45,4.69,1.08,2026-06-13,True
2025-01-09,826.11,9.51,0.34,46.23,0.0,2.34,0.0,0.0,2.66,784.72,10.27,43.92,3.06,2026-06-13,True
2025-01-10,784.72,12.58,0.48,9.73,0.0,2.31,0.0,0.0,0.95,784.78,13.58,11.09,1.1,2026-06-13,True
2025-01-11,784.78,8.6,0.62,6.29,0.0,1.98,0.0,0.0,0.73,785.0,9.29,5.98,0.84,2026-06-13,True
2025-01-12,785.0,9.93,1.05,5.35,0.0,2.13,0.0,0.0,1.11,787.39,10.72,5.08,1.28,2026-06-13,True
2025-01-13,787.39,12.37,1.4,5.75,16.89,1.82,0.0,0.0,0.87,775.84,13.36,5.46,1.0,2026-06-13,True
2025-01-14,775.84,14.71,1.26,5.23,0.0,2.08,0.0,0.0,2.5,782.0,15.89,4.97,2.88,2026-06-13,True
2025-01-15,782.0,11.47,1.27,4.63,0.0,2.45,32.0,0.0,1.36,754.3,12.39,4.4,1.57,2026-06-13,True
2025-01-16,754.3,10.84,0.84,4.66,0.0,2.22,0.0,0.0,2.62,756.48,11.71,4.43,3.01,2026-06-13,True
2025-01-17,756.48,8.94,1.08,7.17,0.0,2.14,0.0,0.0,0.88,756.32,9.66,8.17,1.01,2026-06-13,True
2025-01-18,756.32,9.98,1.03,4.7,0.0,2.11,0.0,0.0,0.89,759.62,10.77,4.47,1.02,2026-06-13,True
2025-01-19,759.62,9.55,0.86,6.24,0.0,2.19,0.0,0.0,0.64,760.96,10.31,5.93,0.74,2026-06-13,True
2025-01-20,760.96,12.41,1.4,5.07,0.0,2.28,0.0,0.0,1.0,766.41,13.4,4.82,1.15,2026-06-13,True
2025-01-21,766.41,11.09,0.94,5.64,0.0,2.14,0.0,0.0,2.91,767.76,11.98,5.35,3.34,2026-06-13,True
2025-01-22,767.76,9.78,0.88,5.43,0.0,1.97,0.0,0.0,0.64,770.39,10.57,5.15,0.74,2026-06-13,True
2025-01-23,770.39,9.47,1.48,4.66,0.0,1.94,0.0,0.0,2.85,771.88,10.22,4.43,3.27,2026-06-13,True
2025-01-24,771.88,10.04,1.56,7.41,0.0,2.43,0.0,0.0,1.16,772.48,10.85,8.45,1.33,2026-06-13,True
2025-01-25,772.48,8.16,0.88,4.45,0.0,2.04,0.0,0.0,1.14,773.89,8.82,4.23,1.31,2026-06-13,True
2025-01-26,773.89,9.3,1.55,6.9,0.0,1.99,0.0,0.0,1.1,774.76,10.05,6.55,1.26,2026-06-13,True
2025-01-27,774.76,12.69,1.38,5.56,17.08,2.42,0.0,0.0,0.66,763.11,13.71,5.28,0.75,2026-06-13,True
2025-01-28,763.11,13.19,1.07,6.11,0.0,2.31,0.0,0.0,2.48,766.49,14.25,5.8,2.85,2026-06-13,True
2025-01-29,766.49,11.23,0.84,4.6,0.0,2.06,0.0,0.0,0.78,771.12,12.13,4.37,0.9,2026-06-13,True
2025-01-30,771.12,10.62,0.76,4.26,0.0,1.8,0.0,0.0,3.02,773.42,11.47,4.05,3.47,2026-06-13,True
2025-01-31,773.42,9.44,1.37,6.69,0.0,1.8,0.0,0.0,0.62,775.11,10.19,7.63,0.72,2026-06-13,True
2025-02-01,775.11,10.2,1.07,4.73,0.0,2.27,0.0,0.0,0.61,778.77,11.02,4.49,0.7,2026-06-13,True
2025-02-02,778.77,10.83,1.55,6.3,0.0,2.14,0.0,0.0,1.01,781.7,11.69,5.99,1.16,2026-06-13,True
2025-02-03,781.7,10.71,0.71,4.18,0.0,2.13,0.0,0.0,1.13,785.68,11.57,3.97,1.3,2026-06-13,True
2025-02-04,785.68,11.7,0.96,3.7,0.0,2.31,0.0,0.0,2.6,789.72,12.63,3.52,2.98,2026-06-13,True
2025-02-05,789.72,8.88,0.95,5.56,0.0,2.13,0.0,0.0,1.01,790.85,9.59,5.28,1.16,2026-06-13,True
2025-02-06,790.85,7.82,1.59,5.67,0.0,2.28,0.0,0.0,2.66,789.66,8.45,5.39,3.06,2026-06-13,True
2025-02-07,789.66,12.36,0.61,8.52,0.0,2.22,0.0,0.0,1.12,790.77,13.35,9.71,1.28,2026-06-13,True
2025-02-08,790.77,9.9,1.19,4.29,0.0,2.37,0.0,0.0,0.75,794.45,10.7,4.08,0.87,2026-06-13,True
2025-02-09,794.45,10.8,1.14,6.13,0.0,2.32,0.0,0.0,1.09,796.86,11.66,5.82,1.25,2026-06-13,True
2025-02-10,796.86,15.32,1.49,7.05,16.11,2.44,0.0,0.0,0.89,787.18,16.55,6.7,1.02,2026-06-13,True
2025-02-11,787.18,11.21,0.56,5.54,0.0,1.93,0.0,0.0,3.15,788.33,12.11,5.26,3.63,2026-06-13,True
2025-02-12,788.33,9.61,0.99,5.38,0.0,1.95,0.0,0.0,0.89,790.71,10.38,5.12,1.02,2026-06-13,True
2025-02-13,790.71,7.83,0.9,6.19,0.0,2.23,0.0,0.0,2.77,788.25,8.46,5.88,3.18,2026-06-13,True
2025-02-14,788.25,10.1,1.13,7.07,0.0,2.15,0.0,0.0,1.12,789.15,10.91,8.06,1.28,2026-06-13,True
2025-02-15,789.15,8.04,0.98,3.95,0.0,2.22,32.0,0.0,0.96,759.04,8.69,3.76,1.1,2026-06-13,True
2025-02-16,759.04,9.85,1.56,6.42,0.0,2.02,0.0,0.0,0.91,761.09,10.63,6.1,1.05,2026-06-13,True
2025-02-17,761.09,13.82,1.21,5.42,0.0,1.75,0.0,0.0,1.11,767.84,14.93,5.15,1.27,2026-06-13,True
2025-02-18,767.84,11.77,0.99,5.59,0.0,2.11,0.0,0.0,2.43,770.47,12.71,5.31,2.79,2026-06-13,True
2025-02-19,770.47,10.21,1.23,5.59,0.0,2.03,0.0,0.0,0.84,773.45,11.02,5.31,0.97,2026-06-13,True
2025-02-20,773.45,9.87,1.54,4.62,0.0,2.13,0.0,0.0,2.85,775.24,10.65,4.39,3.28,2026-06-13,True
2025-02-21,775.24,9.58,1.17,7.91,0.0,2.47,0.0,0.0,0.87,774.74,10.35,9.01,1.0,2026-06-13,True
2025-02-22,774.74,8.54,0.89,5.94,0.0,2.13,0.0,0.0,0.83,775.26,9.22,5.64,0.96,2026-06-13,True
2025-02-23,775.26,9.96,0.87,6.15,0.0,1.73,0.0,0.0,0.73,777.49,10.75,5.84,0.84,2026-06-13,True
2025-02-24,777.49,12.21,1.07,4.86,16.11,1.69,0.0,0.0,0.89,767.21,13.19,4.62,1.03,2026-06-13,True
2025-02-25,767.21,12.47,1.0,5.01,0.0,2.29,0.0,0.0,2.33,771.06,13.47,4.76,2.68,2026-06-13,True
2025-02-26,771.06,10.77,1.21,5.15,0.0,1.94,0.0,0.0,0.92,775.03,11.63,4.89,1.06,2026-06-13,True
2025-02-27,775.03,9.87,0.99,6.21,0.0,2.5,0.0,0.0,2.64,774.53,10.66,5.9,3.04,2026-06-13,True
2025-02-28,774.53,8.78,0.86,8.08,0.0,2.04,0.0,0.0,0.71,773.33,9.48,9.21,0.82,2026-06-13,True
2025-03-01,773.33,9.86,1.49,4.83,0.0,2.19,0.0,0.0,0.39,777.27,10.65,4.59,0.45,2026-06-13,True
2025-03-02,777.27,11.99,1.36,4.5,0.0,2.09,0.0,0.0,0.86,783.17,12.95,4.28,0.99,2026-06-13,True
2025-03-03,783.17,14.43,1.11,4.78,0.0,2.08,0.0,0.0,0.69,791.16,15.58,4.54,0.8,2026-06-13,True
2025-03-04,791.16,9.72,0.59,4.83,0.0,1.71,0.0,0.0,2.68,792.24,10.5,4.59,3.09,2026-06-13,True
2025-03-05,792.24,10.09,1.32,4.71,0.0,2.31,0.0,0.0,0.74,795.9,10.9,4.47,0.85,2026-06-13,True
2025-03-06,795.9,10.2,1.04,5.47,0.0,2.22,0.0,0.0,2.62,796.83,11.02,5.2,3.01,2026-06-13,True
2025-03-07,796.83,9.58,1.05,6.55,0.0,1.65,0.0,0.0,0.93,798.33,10.35,7.47,1.07,2026-06-13,True
2025-03-08,798.33,9.69,1.16,5.0,0.0,2.22,0.0,0.0,0.95,801.01,10.47,4.75,1.1,2026-06-13,True
2025-03-09,801.01,10.09,0.73,4.06,0.0,2.28,0.0,0.0,0.94,804.55,10.9,3.86,1.08,2026-06-13,True
2025-03-10,804.55,12.39,0.98,5.27,16.26,2.34,0.0,0.0,0.92,793.12,13.38,5.0,1.06,2026-06-13,True
2025-03-11,793.12,11.42,1.29,3.81,0.0,2.43,0.0,0.0,2.76,796.84,12.34,3.62,3.17,2026-06-13,True
2025-03-12,796.84,8.72,1.23,6.4,0.0,1.71,0.0,0.0,0.96,797.72,9.42,6.08,1.11,2026-06-13,True
2025-03-13,797.72,9.55,1.01,6.06,0.0,1.75,0.0,0.0,2.68,797.79,10.31,5.76,3.08,2026-06-13,True
2025-03-14,797.79,10.57,1.38,8.2,0.0,2.33,0.0,0.0,1.0,798.2,11.41,9.35,1.15,2026-06-13,True
2025-03-15,798.2,9.63,0.92,6.1,0.0,2.66,32.0,0.0,0.68,767.29,10.4,5.8,0.79,2026-06-13,True
2025-03-16,767.29,10.56,1.35,3.6,0.0,2.51,0.0,0.0,1.08,772.01,11.4,3.42,1.24,2026-06-13,True
2025-03-17,772.01,12.97,1.18,5.75,0.0,2.26,0.0,0.0,0.62,777.53,14.01,5.46,0.72,2026-06-13,True
2025-03-18,777.53,10.69,1.29,6.16,0.0,2.29,0.0,0.0,2.74,778.33,11.54,5.85,3.15,2026-06-13,True
2025-03-19,778.33,10.08,0.99,5.79,0.0,2.22,0.0,0.0,0.72,780.67,10.88,5.5,0.83,2026-06-13,True
2025-03-20,780.67,7.72,1.27,4.11,0.0,2.0,0.0,0.0,2.85,780.69,8.34,3.91,3.28,2026-06-13,True
2025-03-21,780.69,10.63,1.13,7.66,0.0,1.85,0.0,0.0,0.77,782.16,11.48,8.73,0.89,2026-06-13,True
2025-03-22,782.16,8.7,1.02,5.88,0.0,1.81,0.0,0.0,0.83,783.37,9.4,5.59,0.95,2026-06-13,True
2025-03-23,783.37,11.68,1.4,5.04,0.0,1.83,0.0,0.0,0.81,788.77,12.61,4.79,0.93,2026-06-13,True
2025-03-24,788.77,13.58,1.13,6.33,17.49,2.19,0.0,0.0,0.84,776.65,14.67,6.01,0.96,2026-06-13,True
2025-03-25,776.65,10.45,1.2,5.06,0.0,2.14,0.0,0.0,2.92,778.18,11.29,4.81,3.35,2026-06-13,True
2025-03-26,778.18,10.25,1.18,5.07,0.0,1.75,0.0,0.0,0.8,781.99,11.07,4.82,0.91,2026-06-13,True
2025-03-27,781.99,8.63,1.15,5.58,0.0,2.15,0.0,0.0,2.86,781.17,9.33,5.3,3.29,2026-06-13,True
2025-03-28,781.17,10.44,0.95,7.86,0.0,2.24,0.0,0.0,0.84,781.63,11.28,8.96,0.97,2026-06-13,True
2025-03-29,781.63,10.75,1.0,5.56,0.0,2.07,0.0,0.0,0.89,784.85,11.61,5.28,1.02,2026-06-13,True
2025-03-30,784.85,9.09,1.31,4.74,0.0,2.4,0.0,0.0,0.91,787.21,9.82,4.5,1.04,2026-06-13,True
2025-03-31,787.21,12.46,1.18,5.12,0.0,1.42,0.0,0.0,0.82,793.49,13.46,4.86,0.94,2026-06-13,True
2025-04-01,793.49,13.85,0.91,6.02,0.0,2.08,0.0,0.0,2.94,797.21,14.96,5.72,3.39,2026-06-13,True
2025-04-02,797.21,11.14,1.33,5.16,0.0,1.92,0.0,0.0,0.94,801.65,12.03,4.91,1.08,2026-06-13,True
2025-04-03,801.65,10.94,1.16,5.41,0.0,2.2,0.0,0.0,2.76,803.37,11.81,5.14,3.18,2026-06-13,True
2025-04-04,803.37,12.93,1.12,7.49,0.0,2.23,0.0,0.0,0.56,807.15,13.96,8.54,0.65,2026-06-13,True
2025-04-05,807.15,7.9,1.42,4.24,0.0,2.4,0.0,0.0,0.79,809.04,8.53,4.02,0.91,2026-06-13,True
2025-04-06,809.04,9.92,1.18,4.56,0.0,1.72,0.0,0.0,0.71,813.16,10.72,4.33,0.81,2026-06-13,True
2025-04-07,813.16,11.58,1.06,5.13,15.77,1.65,0.0,0.0,0.79,802.46,12.51,4.87,0.91,2026-06-13,True
2025-04-08,802.46,11.22,0.47,5.53,0.0,1.9,0.0,0.0,2.9,803.83,12.12,5.25,3.33,2026-06-13,True
2025-04-09,803.83,8.45,0.77,5.94,0.0,2.46,0.0,0.0,0.73,803.92,9.12,5.64,0.84,2026-06-13,True
2025-04-10,803.92,9.76,1.16,4.95,0.0,1.91,0.0,0.0,2.69,805.29,10.54,4.7,3.09,2026-06-13,True
2025-04-11,805.29,11.58,1.02,9.68,0.0,1.95,0.0,0.0,0.9,805.37,12.51,11.04,1.03,2026-06-13,True
2025-04-12,805.37,12.9,0.92,5.74,0.0,1.99,0.0,0.0,1.15,810.31,13.93,5.45,1.32,2026-06-13,True
2025-04-13,810.31,10.31,1.07,5.4,0.0,1.87,0.0,0.0,1.21,813.21,11.13,5.13,1.39,2026-06-13,True
2025-04-14,813.21,11.26,1.14,5.77,0.0,2.03,0.0,0.0,0.65,817.16,12.16,5.48,0.75,2026-06-13,True
2025-04-15,817.16,11.88,0.94,5.8,0.0,2.55,32.0,0.0,3.14,786.48,12.83,5.51,3.61,2026-06-13,True
2025-04-16,786.48,9.6,0.68,6.27,0.0,2.05,0.0,0.0,0.73,787.71,10.37,5.96,0.84,2026-06-13,True
2025-04-17,787.71,7.87,1.18,35.51,0.0,2.24,0.0,0.0,3.18,755.84,8.5,33.74,3.65,2026-06-13,True
2025-04-18,755.84,10.32,1.14,8.7,0.0,2.05,0.0,0.0,1.12,755.42,11.15,9.92,1.28,2026-06-13,True
2025-04-19,755.42,9.13,0.99,5.48,0.0,2.32,0.0,0.0,1.22,756.52,9.86,5.2,1.4,2026-06-13,True
2025-04-20,756.52,9.7,0.65,5.62,0.0,2.15,0.0,0.0,0.96,758.15,10.47,5.34,1.11,2026-06-13,True
2025-04-21,758.15,12.6,0.78,5.45,16.11,1.95,0.0,0.0,1.08,746.94,13.61,5.17,1.25,2026-06-13,True
2025-04-22,746.94,12.12,1.24,5.98,0.0,2.55,0.0,0.0,2.69,749.08,13.09,5.68,3.09,2026-06-13,True
2025-04-23,749.08,8.28,1.12,7.33,0.0,1.39,0.0,0.0,1.04,748.73,8.94,6.96,1.19,2026-06-13,True
2025-04-24,748.73,8.9,1.42,4.71,0.0,2.1,0.0,0.0,2.82,749.42,9.61,4.48,3.24,2026-06-13,True
2025-04-25,749.42,11.36,0.84,7.05,0.0,1.92,0.0,0.0,0.93,751.71,12.27,8.04,1.07,2026-06-13,True
2025-04-26,751.71,8.7,1.11,6.5,0.0,2.02,0.0,0.0,1.03,751.97,9.39,6.18,1.18,2026-06-13,True
2025-04-27,751.97,9.89,1.19,5.89,0.0,2.08,0.0,0.0,0.81,754.27,10.68,5.6,0.93,2026-06-13,True
2025-04-28,754.27,14.75,0.9,6.0,0.0,2.31,0.0,0.0,0.81,760.79,15.93,5.7,0.93,2026-06-13,True
2025-04-29,760.79,12.36,1.4,5.94,0.0,2.4,0.0,0.0,2.94,763.27,13.35,5.64,3.38,2026-06-13,True
2025-04-30,763.27,9.21,0.96,6.68,0.0,2.16,0.0,0.0,0.91,763.68,9.95,6.35,1.04,2026-06-13,True
2025-05-01,763.68,7.54,1.29,6.21,0.0,2.29,0.0,0.0,3.04,760.98,8.15,5.9,3.49,2026-06-13,True
2025-05-02,760.98,8.58,1.1,8.25,0.0,2.33,0.0,0.0,0.9,759.18,9.27,9.4,1.04,2026-06-13,True
2025-05-03,759.18,11.68,1.18,3.74,0.0,2.38,0.0,0.0,0.76,765.16,12.62,3.55,0.88,2026-06-13,True
2025-05-04,765.16,6.88,1.28,4.97,0.0,2.1,0.0,0.0,0.75,765.51,7.43,4.72,0.86,2026-06-13,True
2025-05-05,765.51,12.58,0.95,6.84,15.51,2.32,0.0,0.0,0.58,753.78,13.58,6.5,0.66,2026-06-13,True
2025-05-06,753.78,13.1,0.98,7.13,0.0,1.96,0.0,0.0,2.65,756.13,14.14,6.77,3.05,2026-06-13,True
2025-05-07,756.13,9.48,1.35,5.57,0.0,1.98,0.0,0.0,1.01,758.4,10.24,5.29,1.17,2026-06-13,True
2025-05-08,758.4,9.69,0.75,5.09,0.0,2.48,0.0,0.0,2.58,758.69,10.47,4.83,2.97,2026-06-13,True
2025-05-09,758.69,8.4,1.35,7.93,0.0,2.18,0.0,0.0,0.71,757.63,9.07,9.05,0.81,2026-06-13,True
2025-05-10,757.63,7.84,1.22,4.98,0.0,1.75,0.0,0.0,1.07,758.88,8.47,4.73,1.23,2026-06-13,True
2025-05-11,758.88,10.94,1.37,5.64,0.0,1.82,0.0,0.0,0.89,762.84,11.81,5.35,1.02,2026-06-13,True
2025-05-12,762.84,12.13,1.47,6.51,0.0,2.23,0.0,0.0,0.93,766.78,13.1,6.19,1.07,2026-06-13,True
2025-05-13,766.78,11.24,1.67,5.65,0.0,2.2,0.0,0.0,2.87,768.97,12.14,5.37,3.3,2026-06-13,True
2025-05-14,768.97,9.47,1.54,5.02,0.0,1.86,0.0,0.0,0.79,772.31,10.22,4.77,0.91,2026-06-13,True
2025-05-15,772.31,10.66,1.34,6.54,0.0,1.68,32.0,0.0,2.8,741.3,11.51,6.21,3.22,2026-06-13,True
2025-05-16,741.3,9.3,1.46,8.88,0.0,2.21,0.0,0.0,1.13,739.83,10.04,10.13,1.3,2026-06-13,True
2025-05-17,739.83,11.35,0.84,6.05,0.0,2.15,0.0,0.0,0.73,743.08,12.26,5.75,0.84,2026-06-13,True
2025-05-18,743.08,9.4,0.71,4.86,0.0,1.9,0.0,0.0,0.86,745.56,10.15,4.62,0.99,2026-06-13,True
2025-05-19,745.56,13.57,1.27,4.89,15.99,2.19,0.0,0.0,0.92,736.41,14.66,4.65,1.06,2026-06-13,True
2025-05-20,736.41,12.34,1.09,5.31,0.0,1.97,0.0,0.0,2.66,739.9,13.33,5.05,3.06,2026-06-13,True
2025-05-21,739.9,10.61,1.17,5.35,0.0,2.14,0.0,0.0,0.76,743.45,11.46,5.08,0.87,2026-06-13,True
2025-05-22,743.45,11.15,0.93,5.15,0.0,2.23,0.0,0.0,2.72,745.43,12.05,4.89,3.13,2026-06-13,True
2025-05-23,745.43,9.22,1.33,7.95,0.0,1.69,0.0,0.0,1.09,745.26,9.96,9.06,1.25,2026-06-13,True
2025-05-24,745.26,10.92,1.13,4.43,0.0,2.31,0.0,0.0,0.88,749.69,11.79,4.21,1.01,2026-06-13,True
2025-05-25,749.69,11.08,0.92,4.5,0.0,2.13,0.0,0.0,0.79,754.27,11.97,4.27,0.91,2026-06-13,True
2025-05-26,754.27,12.64,1.64,5.11,0.0,1.73,0.0,0.0,1.24,760.48,13.66,4.86,1.42,2026-06-13,True
2025-05-27,760.48,12.99,0.95,4.76,0.0,1.89,0.0,0.0,2.61,765.17,14.03,4.52,3.0,2026-06-13,True
2025-05-28,765.17,10.82,1.36,5.84,0.0,1.69,0.0,0.0,0.96,768.86,11.68,5.54,1.11,2026-06-13,True
2025-05-29,768.86,10.09,1.3,6.78,0.0,1.89,0.0,0.0,2.86,768.73,10.9,6.44,3.29,2026-06-13,True
2025-05-30,768.73,8.33,1.16,7.13,0.0,1.74,0.0,0.0,0.87,768.48,8.99,8.13,1.0,2026-06-13,True
2025-05-31,768.48,10.74,1.31,4.86,0.0,2.54,0.0,0.0,0.43,772.71,11.6,4.61,0.49,2026-06-13,True
2025-06-01,772.71,9.49,1.09,5.18,0.0,1.9,0.0,0.0,1.03,775.18,10.25,4.92,1.18,2026-06-13,True
2025-06-02,775.18,10.65,1.06,5.39,17.14,2.57,0.0,0.0,1.04,760.77,11.5,5.12,1.19,2026-06-13,True
2025-06-03,760.77,10.02,0.94,6.09,0.0,2.15,0.0,0.0,2.99,760.49,10.82,5.78,3.44,2026-06-13,True
2025-06-04,760.49,10.51,1.15,3.58,0.0,2.17,0.0,0.0,0.75,765.66,11.35,3.4,0.86,2026-06-13,True
2025-06-05,765.66,10.94,1.51,4.33,0.0,2.52,0.0,0.0,3.14,768.11,11.81,4.11,3.62,2026-06-13,True
2025-06-06,768.11,11.5,1.14,7.33,0.0,2.16,0.0,0.0,1.06,770.2,12.42,8.36,1.22,2026-06-13,True
2025-06-07,770.2,10.1,1.11,5.75,0.0,1.97,0.0,0.0,0.81,772.89,10.91,5.46,0.93,2026-06-13,True
2025-06-08,772.89,9.71,1.08,3.93,0.0,2.25,0.0,0.0,1.21,776.28,10.49,3.73,1.39,2026-06-13,True
2025-06-09,776.28,12.23,1.29,4.73,0.0,1.81,0.0,0.0,1.07,782.19,13.2,4.49,1.23,2026-06-13,True
2025-06-10,782.19,11.65,0.88,5.87,0.0,2.59,0.0,0.0,2.93,783.33,12.58,5.57,3.37,2026-06-13,True
2025-06-11,783.33,9.48,0.92,5.31,0.0,2.13,0.0,0.0,0.77,785.53,10.24,5.04,0.88,2026-06-13,True
2025-06-12,785.53,9.92,0.66,6.82,0.0,1.93,0.0,0.0,2.95,784.41,10.72,6.48,3.4,2026-06-13,True
2025-06-13,784.41,9.85,1.15,7.65,0.0,1.98,0.0,0.0,0.96,784.81,10.63,8.73,1.11,2026-06-13,True
2025-06-14,784.81,8.38,1.05,5.52,0.0,2.42,0.0,0.0,0.53,785.77,9.05,5.24,0.61,2026-06-13,True
2025-06-15,785.77,9.94,1.29,4.91,0.0,1.88,32.0,0.0,0.83,757.38,10.74,4.67,0.96,2026-06-13,True
2025-06-16,757.38,12.72,1.31,4.32,16.55,1.98,0.0,0.0,0.95,747.61,13.74,4.1,1.09,2026-06-13,True
2025-06-17,747.61,12.9,0.91,6.99,0.0,2.12,0.0,0.0,2.91,749.4,13.93,6.64,3.35,2026-06-13,True
2025-06-18,749.4,10.72,1.34,5.37,0.0,2.04,0.0,0.0,0.72,753.33,11.57,5.1,0.82,2026-06-13,True
2025-06-19,753.33,11.05,1.05,4.58,0.0,2.31,0.0,0.0,2.8,755.74,11.93,4.35,3.22,2026-06-13,True
2025-06-20,755.74,8.69,0.76,6.66,0.0,2.05,0.0,0.0,0.7,755.78,9.38,7.6,0.81,2026-06-13,True
2025-06-21,755.78,10.38,1.28,4.01,0.0,2.52,0.0,0.0,0.82,760.08,11.21,3.81,0.94,2026-06-13,True
2025-06-22,760.08,12.38,1.18,6.12,0.0,2.2,0.0,0.0,1.04,764.28,13.37,5.81,1.2,2026-06-13,True
2025-06-23,764.28,15.29,1.38,6.05,0.0,1.95,0.0,0.0,0.53,772.43,16.52,5.75,0.61,2026-06-13,True
2025-06-24,772.43,12.95,0.55,5.56,0.0,2.21,0.0,0.0,2.9,775.26,13.99,5.28,3.34,2026-06-13,True
2025-06-25,775.26,10.8,1.12,4.46,0.0,2.01,0.0,0.0,1.14,779.56,11.66,4.24,1.31,2026-06-13,True
2025-06-26,779.56,8.85,1.27,3.7,0.0,2.03,0.0,0.0,2.43,781.51,9.56,3.52,2.79,2026-06-13,True
2025-06-27,781.51,8.68,1.32,9.05,0.0,2.0,0.0,0.0,0.85,779.6,9.38,10.32,0.98,2026-06-13,True
2025-06-28,779.6,11.55,1.2,5.14,0.0,2.04,0.0,0.0,0.76,784.42,12.47,4.88,0.87,2026-06-13,True
2025-06-29,784.42,10.95,0.73,4.29,0.0,1.85,0.0,0.0,0.6,789.35,11.83,4.08,0.7,2026-06-13,True
2025-06-30,789.35,12.85,1.35,5.47,16.9,2.3,0.0,0.0,0.69,778.19,13.88,5.2,0.8,2026-06-13,True
2025-07-01,778.19,12.28,0.7,7.18,0.0,2.26,0.0,0.0,2.99,778.73,13.27,6.82,3.44,2026-06-13,True
2025-07-02,778.73,11.23,1.2,4.21,0.0,2.66,0.0,0.0,1.01,783.27,12.13,4.0,1.16,2026-06-13,True
2025-07-03,783.27,10.59,0.86,7.24,0.0,2.2,0.0,0.0,2.65,782.63,11.43,6.88,3.04,2026-06-13,True
2025-07-04,782.63,11.65,0.95,8.89,0.0,2.37,0.0,0.0,0.74,783.22,12.59,10.14,0.85,2026-06-13,True
2025-07-05,783.22,9.85,1.3,5.73,0.0,2.26,0.0,0.0,0.98,785.4,10.64,5.44,1.13,2026-06-13,True
2025-07-06,785.4,8.22,0.93,4.04,0.0,2.38,0.0,0.0,0.86,787.28,8.88,3.84,0.99,2026-06-13,True
2025-07-07,787.28,12.95,0.91,5.18,0.0,1.83,0.0,0.0,0.89,793.24,13.99,4.92,1.02,2026-06-13,True
2025-07-08,793.24,13.81,1.06,5.12,0.0,2.29,0.0,0.0,3.08,797.62,14.92,4.87,3.54,2026-06-13,True
2025-07-09,797.62,11.32,0.95,4.14,0.0,1.61,0.0,0.0,1.21,802.94,12.23,3.94,1.39,2026-06-13,True
2025-07-10,802.94,10.16,0.9,39.63,0.0,2.29,0.0,0.0,2.87,769.22,10.98,37.64,3.3,2026-06-13,True
2025-07-11,769.22,9.24,0.96,7.51,0.0,2.23,0.0,0.0,0.81,768.87,9.98,8.56,0.94,2026-06-13,True
2025-07-12,768.87,10.62,1.21,4.71,0.0,1.91,0.0,0.0,0.9,773.18,11.47,4.47,1.04,2026-06-13,True
2025-07-13,773.18,11.38,1.03,5.81,0.0,2.09,0.0,0.0,0.35,777.34,12.29,5.52,0.4,2026-06-13,True
2025-07-14,777.34,12.33,1.02,4.21,15.78,2.1,0.0,0.0,0.54,768.05,13.31,4.0,0.62,2026-06-13,True
2025-07-15,768.05,12.61,0.52,4.9,0.0,2.57,32.0,0.0,2.86,738.85,13.62,4.65,3.29,2026-06-13,True
2025-07-16,738.85,10.0,1.05,5.76,0.0,1.96,0.0,0.0,1.08,741.09,10.8,5.48,1.25,2026-06-13,True
2025-07-17,741.09,10.71,0.95,5.88,0.0,2.03,0.0,0.0,2.64,742.19,11.56,5.59,3.04,2026-06-13,True
2025-07-18,742.19,10.88,0.97,8.0,0.0,2.13,0.0,0.0,1.06,742.86,11.75,9.13,1.22,2026-06-13,True
2025-07-19,742.86,9.71,0.98,4.29,0.0,1.91,0.0,0.0,1.05,746.3,10.49,4.07,1.21,2026-06-13,True
2025-07-20,746.3,9.4,1.1,5.91,0.0,2.35,0.0,0.0,0.94,747.61,10.15,5.61,1.08,2026-06-13,True
2025-07-21,747.61,14.22,1.25,5.6,0.0,2.36,0.0,0.0,1.01,754.11,15.36,5.32,1.16,2026-06-13,True
2025-07-22,754.11,12.01,1.48,6.34,0.0,2.02,0.0,0.0,2.7,756.55,12.97,6.02,3.11,2026-06-13,True
2025-07-23,756.55,7.95,1.12,5.57,0.0,2.31,0.0,0.0,0.99,756.75,8.58,5.29,1.13,2026-06-13,True
2025-07-24,756.75,9.9,1.23,5.8,0.0,2.19,0.0,0.0,2.68,757.2,10.69,5.51,3.08,2026-06-13,True
2025-07-25,757.2,9.49,1.61,7.64,0.0,1.79,0.0,0.0,0.72,758.15,10.25,8.71,0.83,2026-06-13,True
2025-07-26,758.15,10.09,0.98,4.37,0.0,2.37,0.0,0.0,0.78,761.7,10.9,4.16,0.9,2026-06-13,True
2025-07-27,761.7,11.15,1.34,5.97,0.0,2.06,0.0,0.0,0.76,765.39,12.05,5.67,0.88,2026-06-13,True
2025-07-28,765.39,13.32,1.14,4.05,17.79,1.93,0.0,0.0,1.1,754.98,14.39,3.85,1.26,2026-06-13,True
2025-07-29,754.98,13.5,0.96,5.18,0.0,2.54,0.0,0.0,2.81,758.91,14.58,4.92,3.24,2026-06-13,True
2025-07-30,758.91,9.23,1.29,6.85,0.0,2.51,0.0,0.0,0.56,759.51,9.97,6.51,0.64,2026-06-13,True
2025-07-31,759.51,10.8,1.34,4.03,0.0,2.02,0.0,0.0,2.77,762.82,11.66,3.83,3.19,2026-06-13,True
2025-08-01,762.82,10.35,0.82,8.41,0.0,2.26,0.0,0.0,0.77,762.55,11.18,9.59,0.88,2026-06-13,True
2025-08-02,762.55,11.3,1.34,5.14,0.0,2.06,0.0,0.0,0.75,767.24,12.21,4.88,0.86,2026-06-13,True
2025-08-03,767.24,9.41,1.23,4.53,0.0,1.96,0.0,0.0,0.87,770.53,10.16,4.3,1.0,2026-06-13,True
2025-08-04,770.53,12.12,0.99,5.38,0.0,2.51,0.0,0.0,0.84,774.92,13.09,5.11,0.96,2026-06-13,True
2025-08-05,774.92,14.71,0.88,4.2,0.0,2.03,0.0,0.0,2.63,781.65,15.89,3.99,3.03,2026-06-13,True
2025-08-06,781.65,9.61,1.14,5.54,0.0,2.13,0.0,0.0,0.97,783.75,10.38,5.26,1.12,2026-06-13,True
2025-08-07,783.75,10.62,1.42,2.71,0.0,2.07,0.0,0.0,2.81,788.2,11.47,2.58,3.23,2026-06-13,True
2025-08-08,788.2,8.62,0.9,8.57,0.0,1.9,0.0,0.0,1.19,786.06,9.31,9.77,1.37,2026-06-13,True
2025-08-09,786.06,9.12,0.83,4.33,0.0,1.86,0.0,0.0,0.66,789.16,9.85,4.11,0.76,2026-06-13,True
2025-08-10,789.16,11.54,0.92,3.65,0.0,2.01,0.0,0.0,1.26,794.71,12.46,3.46,1.45,2026-06-13,True
2025-08-11,794.71,13.5,0.87,4.75,16.81,2.29,0.0,0.0,0.47,784.76,14.58,4.51,0.54,2026-06-13,True
2025-08-12,784.76,14.71,1.09,5.98,0.0,2.22,0.0,0.0,2.81,789.54,15.88,5.68,3.24,2026-06-13,True
2025-08-13,789.54,11.13,1.14,4.73,0.0,2.13,0.0,0.0,0.97,793.98,12.02,4.49,1.11,2026-06-13,True
2025-08-14,793.98,10.42,0.96,5.26,0.0,2.12,0.0,0.0,2.68,795.31,11.25,5.0,3.09,2026-06-13,True
2025-08-15,795.31,9.82,1.31,7.69,0.0,1.77,32.0,0.0,0.98,763.99,10.6,8.76,1.13,2026-06-13,True
2025-08-16,763.99,8.89,1.04,5.62,0.0,1.83,0.0,0.0,0.79,765.69,9.6,5.34,0.9,2026-06-13,True
2025-08-17,765.69,7.21,0.8,5.24,0.0,1.93,0.0,0.0,0.75,765.79,7.79,4.98,0.86,2026-06-13,True
2025-08-18,765.79,12.58,1.05,6.53,0.0,2.17,0.0,0.0,0.98,769.74,13.59,6.21,1.13,2026-06-13,True
2025-08-19,769.74,15.67,1.49,5.04,0.0,2.45,0.0,0.0,2.81,776.59,16.93,4.79,3.23,2026-06-13,True
2025-08-20,776.59,11.16,1.01,6.12,0.0,2.14,0.0,0.0,0.8,779.7,12.05,5.81,0.92,2026-06-13,True
2025-08-21,779.7,8.95,1.5,4.06,0.0,2.29,0.0,0.0,2.77,781.03,9.67,3.86,3.18,2026-06-13,True
2025-08-22,781.03,13.25,0.99,7.73,0.0,2.59,0.0,0.0,1.03,783.92,14.3,8.81,1.18,2026-06-13,True
2025-08-23,783.92,10.89,1.08,5.78,0.0,2.49,0.0,0.0,1.24,786.37,11.76,5.49,1.43,2026-06-13,True
2025-08-24,786.37,9.37,1.14,6.01,0.0,1.85,0.0,0.0,0.76,788.26,10.11,5.71,0.87,2026-06-13,True
2025-08-25,788.26,12.13,1.49,5.7,16.09,2.14,0.0,0.0,0.98,776.97,13.1,5.42,1.12,2026-06-13,True
2025-08-26,776.97,12.26,1.2,4.59,0.0,1.81,0.0,0.0,3.17,780.87,13.25,4.36,3.64,2026-06-13,True
2025-08-27,780.87,10.08,0.77,6.03,0.0,1.96,0.0,0.0,0.89,782.83,10.88,5.73,1.02,2026-06-13,True
2025-08-28,782.83,10.26,1.3,4.92,0.0,2.46,0.0,0.0,2.85,784.16,11.08,4.67,3.28,2026-06-13,True
2025-08-29,784.16,9.98,1.13,7.9,0.0,1.92,0.0,0.0,0.98,784.46,10.77,9.01,1.13,2026-06-13,True
2025-08-30,784.46,8.43,1.26,5.38,0.0,2.23,0.0,0.0,0.86,785.69,9.11,5.11,0.98,2026-06-13,True
2025-08-31,785.69,10.59,1.19,4.69,0.0,1.78,0.0,0.0,1.13,789.88,11.44,4.45,1.29,2026-06-13,True
2025-09-01,789.88,10.8,1.32,4.72,0.0,1.81,0.0,0.0,1.09,794.38,11.67,4.49,1.25,2026-06-13,True
2025-09-02,794.38,14.67,0.83,5.88,0.0,2.16,0.0,0.0,2.7,799.15,15.84,5.59,3.1,2026-06-13,True
2025-09-03,799.15,10.82,1.05,5.54,0.0,2.43,0.0,0.0,0.78,802.26,11.69,5.26,0.9,2026-06-13,True
2025-09-04,802.26,9.61,0.9,5.06,0.0,2.23,0.0,0.0,2.73,802.76,10.38,4.81,3.14,2026-06-13,True
2025-09-05,802.76,9.8,1.12,8.09,0.0,2.17,0.0,0.0,1.03,802.39,10.59,9.22,1.18,2026-06-13,True
2025-09-06,802.39,11.11,1.04,4.96,0.0,2.61,0.0,0.0,1.32,805.64,12.0,4.72,1.51,2026-06-13,True
2025-09-07,805.64,8.46,0.98,6.26,0.0,2.01,0.0,0.0,0.84,805.97,9.13,5.95,0.97,2026-06-13,True
2025-09-08,805.97,11.43,1.42,6.1,16.71,2.13,0.0,0.0,1.11,792.77,12.35,5.8,1.28,2026-06-13,True
2025-09-09,792.77,10.36,0.83,5.67,0.0,2.08,0.0,0.0,2.87,793.34,11.19,5.39,3.3,2026-06-13,True
2025-09-10,793.34,8.79,1.02,4.79,0.0,2.19,0.0,0.0,0.71,795.46,9.49,4.55,0.82,2026-06-13,True
2025-09-11,795.46,10.65,1.11,4.92,0.0,1.66,0.0,0.0,3.14,797.49,11.5,4.67,3.62,2026-06-13,True
2025-09-12,797.49,9.15,1.21,7.87,0.0,1.8,0.0,0.0,0.72,797.47,9.89,8.97,0.83,2026-06-13,True
2025-09-13,797.47,11.52,1.09,5.92,0.0,2.36,0.0,0.0,0.83,800.98,12.45,5.62,0.95,2026-06-13,True
2025-09-14,800.98,9.79,1.17,6.44,0.0,2.02,0.0,0.0,0.48,803.0,10.57,6.12,0.56,2026-06-13,True
2025-09-15,803.0,13.21,1.13,5.29,0.0,2.04,32.0,0.0,0.82,777.18,14.26,5.03,0.94,2026-06-13,True
2025-09-16,777.18,13.91,1.45,6.32,0.0,1.76,0.0,0.0,2.82,781.63,15.02,6.01,3.24,2026-06-13,True
2025-09-17,781.63,12.16,1.08,5.54,0.0,2.17,0.0,0.0,1.21,785.95,13.13,5.26,1.39,2026-06-13,True
2025-09-18,785.95,9.44,0.77,5.8,0.0,2.26,0.0,0.0,2.72,785.38,10.19,5.51,3.13,2026-06-13,True
2025-09-19,785.38,8.22,1.43,7.68,0.0,2.73,0.0,0.0,0.82,783.81,8.87,8.75,0.94,2026-06-13,True
2025-09-20,783.81,9.62,1.12,5.6,0.0,2.28,0.0,0.0,0.84,785.83,10.39,5.32,0.97,2026-06-13,True
2025-09-21,785.83,10.25,0.74,5.61,0.0,2.66,0.0,0.0,1.03,787.51,11.07,5.33,1.18,2026-06-13,True
2025-09-22,787.51,11.93,1.01,5.9,16.65,2.06,0.0,0.0,0.95,774.89,12.89,5.61,1.1,2026-06-13,True
2025-09-23,774.89,13.55,1.02,5.34,0.0,1.93,0.0,0.0,2.53,779.66,14.64,5.07,2.91,2026-06-13,True
2025-09-24,779.66,9.57,0.84,5.19,0.0,1.91,0.0,0.0,0.76,782.2,10.33,4.93,0.87,2026-06-13,True
2025-09-25,782.2,11.23,1.28,6.1,0.0,2.19,0.0,0.0,2.84,783.57,12.12,5.8,3.26,2026-06-13,True
2025-09-26,783.57,9.88,0.92,8.39,0.0,1.91,0.0,0.0,0.84,783.23,10.67,9.57,0.97,2026-06-13,True
2025-09-27,783.23,10.05,0.88,5.06,0.0,2.45,0.0,0.0,0.49,786.17,10.86,4.8,0.56,2026-06-13,True
2025-09-28,786.17,10.5,1.02,4.22,0.0,1.81,0.0,0.0,1.09,790.57,11.34,4.0,1.26,2026-06-13,True
2025-09-29,790.57,12.86,0.68,6.56,0.0,2.37,0.0,0.0,0.86,794.31,13.89,6.23,0.99,2026-06-13,True
2025-09-30,794.31,13.62,1.06,5.24,0.0,2.17,0.0,0.0,2.68,798.91,14.71,4.97,3.08,2026-06-13,True
2025-10-01,798.91,7.17,0.91,6.31,0.0,1.73,0.0,0.0,0.87,798.08,7.75,5.99,1.01,2026-06-13,True
2025-10-02,798.08,10.76,1.66,5.38,0.0,1.99,0.0,0.0,2.65,800.48,11.62,5.11,3.05,2026-06-13,True
2025-10-03,800.48,9.63,0.94,6.86,0.0,1.85,0.0,0.0,1.12,801.21,10.4,7.82,1.29,2026-06-13,True
2025-10-04,801.21,10.33,1.17,5.97,0.0,2.05,0.0,0.0,0.79,803.9,11.15,5.67,0.91,2026-06-13,True
2025-10-05,803.9,10.97,1.21,5.56,0.0,2.19,0.0,0.0,0.77,807.56,11.85,5.29,0.88,2026-06-13,True
2025-10-06,807.56,12.61,0.69,4.73,16.17,2.23,0.0,0.0,0.97,796.75,13.62,4.5,1.12,2026-06-13,True
2025-10-07,796.75,12.41,1.22,4.56,0.0,2.32,0.0,0.0,2.82,800.68,13.4,4.33,3.25,2026-06-13,True
2025-10-08,800.68,9.32,0.89,7.08,0.0,1.85,0.0,0.0,0.52,801.43,10.06,6.73,0.6,2026-06-13,True
2025-10-09,801.43,11.47,1.3,5.33,0.0,1.95,0.0,0.0,2.94,803.99,12.39,5.06,3.38,2026-06-13,True
2025-10-10,803.99,9.4,0.83,7.0,0.0,2.35,0.0,0.0,0.82,804.05,10.16,7.98,0.95,2026-06-13,True
2025-10-11,804.05,10.09,0.96,5.06,0.0,2.02,0.0,0.0,0.84,807.19,10.9,4.81,0.96,2026-06-13,True
2025-10-12,807.19,8.66,1.44,4.98,0.0,2.56,0.0,0.0,0.85,808.89,9.35,4.73,0.98,2026-06-13,True
2025-10-13,808.89,12.79,0.98,6.4,0.0,2.12,0.0,0.0,0.75,813.39,13.81,6.08,0.86,2026-06-13,True
2025-10-14,813.39,12.18,1.08,4.26,0.0,2.0,0.0,0.0,2.66,817.73,13.15,4.04,3.06,2026-06-13,True
2025-10-15,817.73,9.8,1.17,4.58,0.0,2.1,32.0,0.0,0.85,789.18,10.58,4.35,0.98,2026-06-13,True
2025-10-16,789.18,10.93,1.26,5.58,0.0,2.38,0.0,0.0,3.02,790.4,11.81,5.3,3.48,2026-06-13,True
2025-10-17,790.4,10.08,1.37,6.97,0.0,2.16,0.0,0.0,0.95,791.78,10.88,7.94,1.09,2026-06-13,True
2025-10-18,791.78,10.49,0.93,5.53,0.0,2.12,0.0,0.0,0.8,794.75,11.32,5.25,0.92,2026-06-13,True
2025-10-19,794.75,8.23,1.07,5.55,0.0,2.05,0.0,0.0,1.02,795.44,8.89,5.27,1.17,2026-06-13,True
2025-10-20,795.44,12.63,1.1,5.21,15.51,1.71,0.0,0.0,0.79,785.94,13.64,4.95,0.91,2026-06-13,True
2025-10-21,785.94,12.79,0.94,5.59,0.0,2.13,0.0,0.0,2.68,789.27,13.81,5.31,3.08,2026-06-13,True
2025-10-22,789.27,7.95,0.65,5.22,0.0,2.66,0.0,0.0,0.91,789.08,8.58,4.96,1.05,2026-06-13,True
2025-10-23,789.08,10.35,1.44,5.68,0.0,1.98,0.0,0.0,2.71,790.49,11.18,5.4,3.11,2026-06-13,True
2025-10-24,790.49,10.38,1.26,8.55,0.0,1.62,0.0,0.0,0.95,791.03,11.21,9.74,1.09,2026-06-13,True
2025-10-25,791.03,8.01,1.19,5.31,0.0,1.66,0.0,0.0,0.93,792.32,8.65,5.04,1.07,2026-06-13,True
2025-10-26,792.32,9.76,1.4,5.69,0.0,2.27,0.0,0.0,0.8,794.73,10.55,5.41,0.92,2026-06-13,True
2025-10-27,794.73,14.45,1.22,4.03,0.0,1.75,0.0,0.0,1.35,803.27,15.6,3.83,1.55,2026-06-13,True
2025-10-28,803.27,13.27,1.39,4.62,0.0,2.43,0.0,0.0,2.9,807.99,14.33,4.39,3.33,2026-06-13,True
2025-10-29,807.99,9.95,1.01,6.11,0.0,2.31,0.0,0.0,1.0,809.52,10.75,5.81,1.15,2026-06-13,True
2025-10-30,809.52,10.26,0.91,4.63,0.0,2.12,0.0,0.0,2.76,811.18,11.08,4.4,3.17,2026-06-13,True
2025-10-31,811.18,11.42,1.22,8.3,0.0,2.12,0.0,0.0,0.97,812.43,12.34,9.46,1.12,2026-06-13,True
2025-11-01,812.43,10.01,0.97,4.22,0.0,2.23,0.0,0.0,1.08,815.86,10.81,4.01,1.25,2026-06-13,True
2025-11-02,815.86,9.19,0.75,5.12,0.0,1.66,0.0,0.0,1.09,817.94,9.92,4.86,1.26,2026-06-13,True
2025-11-03,817.94,12.91,1.43,5.29,17.56,1.67,0.0,0.0,0.65,807.11,13.94,5.03,0.74,2026-06-13,True
2025-11-04,807.11,13.89,0.84,5.06,0.0,2.34,0.0,0.0,2.95,811.48,15.0,4.81,3.4,2026-06-13,True
2025-11-05,811.48,9.53,0.89,5.88,0.0,2.4,0.0,0.0,0.66,812.96,10.29,5.59,0.76,2026-06-13,True
2025-11-06,812.96,9.64,1.12,5.19,0.0,1.77,0.0,0.0,2.95,813.82,10.41,4.93,3.39,2026-06-13,True
2025-11-07,813.82,11.02,1.11,8.36,0.0,2.18,0.0,0.0,0.68,814.73,11.9,9.54,0.78,2026-06-13,True
2025-11-08,814.73,11.7,0.82,5.64,0.0,2.25,0.0,0.0,0.91,818.45,12.64,5.36,1.04,2026-06-13,True
2025-11-09,818.45,10.5,1.02,5.7,0.0,2.03,0.0,0.0,0.78,821.46,11.34,5.42,0.89,2026-06-13,True
2025-11-10,821.46,12.58,0.96,5.48,0.0,2.06,0.0,0.0,1.01,826.45,13.58,5.21,1.16,2026-06-13,True
2025-11-11,826.45,12.99,1.17,5.67,0.0,1.97,0.0,0.0,2.78,830.19,14.03,5.39,3.2,2026-06-13,True
2025-11-12,830.19,10.42,1.05,5.88,0.0,2.46,0.0,0.0,1.0,832.32,11.26,5.59,1.15,2026-06-13,True
2025-11-13,832.32,9.53,1.24,4.33,0.0,2.07,0.0,0.0,2.83,833.85,10.29,4.11,3.26,2026-06-13,True
2025-11-14,833.85,10.98,0.94,6.58,0.0,1.97,0.0,0.0,0.8,836.42,11.86,7.5,0.92,2026-06-13,True
2025-11-15,836.42,10.51,1.08,4.62,0.0,2.1,32.0,0.0,0.8,808.49,11.35,4.39,0.92,2026-06-13,True
2025-11-16,808.49,10.29,1.16,4.8,0.0,1.71,0.0,0.0,0.84,812.6,11.11,4.56,0.96,2026-06-13,True
2025-11-17,812.6,14.75,1.69,4.35,16.46,1.87,0.0,0.0,0.93,805.43,15.93,4.13,1.07,2026-06-13,True
2025-11-18,805.43,12.19,0.95,5.28,0.0,2.07,0.0,0.0,2.85,808.37,13.16,5.02,3.28,2026-06-13,True
2025-11-19,808.37,9.66,0.53,5.09,0.0,2.22,0.0,0.0,1.04,810.22,10.44,4.83,1.19,2026-06-13,True
2025-11-20,810.22,9.53,1.32,3.78,0.0,2.23,0.0,0.0,2.92,812.14,10.29,3.59,3.35,2026-06-13,True
2025-11-21,812.14,10.04,0.67,8.55,0.0,2.36,0.0,0.0,0.71,811.22,10.84,9.75,0.81,2026-06-13,True
2025-11-22,811.22,9.85,1.13,5.31,0.0,1.86,0.0,0.0,0.87,814.16,10.63,5.05,1.0,2026-06-13,True
2025-11-23,814.16,9.67,0.53,5.39,0.0,2.37,0.0,0.0,0.95,815.65,10.44,5.12,1.09,2026-06-13,True
2025-11-24,815.65,11.97,1.4,5.14,0.0,1.51,0.0,0.0,0.85,821.54,12.93,4.88,0.97,2026-06-13,True
2025-11-25,821.54,12.37,1.24,5.81,0.0,1.89,0.0,0.0,2.67,824.78,13.36,5.52,3.07,2026-06-13,True
2025-11-26,824.78,10.91,1.16,6.42,0.0,2.21,0.0,0.0,1.18,827.04,11.78,6.09,1.35,2026-06-13,True
2025-11-27,827.04,9.27,1.09,5.66,0.0,2.2,0.0,0.0,2.95,826.6,10.01,5.38,3.39,2026-06-13,True
2025-11-28,826.6,11.97,1.33,7.82,0.0,2.21,0.0,0.0,0.79,829.08,12.93,8.91,0.91,2026-06-13,True
2025-11-29,829.08,9.06,0.69,5.3,0.0,2.01,0.0,0.0,1.05,830.47,9.78,5.04,1.21,2026-06-13,True
2025-11-30,830.47,9.69,0.99,4.33,0.0,2.49,0.0,0.0,0.84,833.49,10.47,4.12,0.97,2026-06-13,True
2025-12-01,833.49,12.58,1.38,5.33,15.03,2.34,0.0,0.0,0.77,823.97,13.58,5.06,0.89,2026-06-13,True
2025-12-02,823.97,13.13,0.65,6.16,0.0,2.2,0.0,0.0,3.03,826.37,14.18,5.85,3.48,2026-06-13,True
2025-12-03,826.37,12.32,1.21,5.53,0.0,2.41,0.0,0.0,1.2,830.76,13.3,5.25,1.38,2026-06-13,True
2025-12-04,830.76,9.67,0.75,4.5,0.0,2.05,0.0,0.0,2.85,831.77,10.44,4.28,3.28,2026-06-13,True
2025-12-05,831.77,8.29,1.19,8.26,0.0,2.57,0.0,0.0,0.76,829.65,8.95,9.42,0.88,2026-06-13,True
2025-12-06,829.65,10.62,1.43,5.15,0.0,2.05,0.0,0.0,0.95,833.55,11.47,4.9,1.09,2026-06-13,True
2025-12-07,833.55,10.33,1.22,5.93,0.0,1.64,0.0,0.0,0.8,836.73,11.16,5.64,0.92,2026-06-13,True
2025-12-08,836.73,13.21,1.06,5.38,0.0,2.27,0.0,0.0,0.96,842.37,14.26,5.11,1.11,2026-06-13,True
2025-12-09,842.37,12.3,1.22,5.02,0.0,2.45,0.0,0.0,2.64,845.78,13.28,4.77,3.03,2026-06-13,True
2025-12-10,845.78,10.51,1.17,5.39,0.0,2.15,0.0,0.0,0.89,849.03,11.35,5.12,1.03,2026-06-13,True
2025-12-11,849.03,12.12,1.07,6.22,0.0,2.0,0.0,0.0,2.75,851.25,13.09,5.91,3.16,2026-06-13,True
2025-12-12,851.25,11.18,0.72,7.22,0.0,1.98,0.0,0.0,1.1,852.86,12.08,8.23,1.26,2026-06-13,True
2025-12-13,852.86,10.07,1.39,4.41,0.0,1.95,0.0,0.0,0.6,857.35,10.87,4.19,0.69,2026-06-13,True
2025-12-14,857.35,9.84,0.7,6.44,0.0,2.02,0.0,0.0,0.9,858.53,10.62,6.11,1.03,2026-06-13,True
2025-12-15,858.53,13.34,0.87,6.1,16.12,1.82,32.0,0.0,0.9,815.8,14.4,5.8,1.03,2026-06-13,True
2025-12-16,815.8,12.99,1.4,6.28,0.0,2.09,0.0,0.0,2.74,819.07,14.03,5.97,3.15,2026-06-13,True
2025-12-17,819.07,10.2,1.47,5.08,0.0,2.22,0.0,0.0,0.91,822.53,11.02,4.83,1.04,2026-06-13,True
2025-12-18,822.53,9.46,0.68,4.22,0.0,2.43,0.0,0.0,2.69,823.33,10.22,4.01,3.1,2026-06-13,True
2025-12-19,823.33,9.42,1.11,7.43,0.0,2.17,0.0,0.0,0.88,823.37,10.17,8.47,1.01,2026-06-13,True
2025-12-20,823.37,10.01,0.9,4.62,0.0,2.11,0.0,0.0,0.86,826.69,10.81,4.39,0.99,2026-06-13,True
2025-12-21,826.69,10.66,1.82,4.63,0.0,1.73,0.0,0.0,0.82,831.99,11.51,4.39,0.94,2026-06-13,True
2025-12-22,831.99,12.12,1.16,5.52,0.0,2.2,0.0,0.0,0.81,836.75,13.09,5.25,0.93,2026-06-13,True
2025-12-23,836.75,10.94,0.89,6.77,0.0,2.23,0.0,0.0,2.93,836.65,11.81,6.43,3.37,2026-06-13,True
2025-12-24,836.65,10.88,1.17,5.14,0.0,2.24,0.0,0.0,0.93,840.4,11.76,4.88,1.06,2026-06-13,True
2025-12-25,840.4,10.96,0.44,4.78,0.0,1.97,0.0,0.0,2.66,842.4,11.84,4.55,3.05,2026-06-13,True
2025-12-26,842.4,10.46,1.69,7.24,0.0,1.87,0.0,0.0,1.19,844.26,11.3,8.25,1.37,2026-06-13,True
2025-12-27,844.26,11.87,1.36,4.29,0.0,1.63,0.0,0.0,0.73,850.84,12.82,4.07,0.84,2026-06-13,True
2025-12-28,850.84,9.82,0.89,5.71,0.0,2.43,0.0,0.0,1.05,852.36,10.61,5.42,1.21,2026-06-13,True
2025-12-29,852.36,13.2,1.17,4.27,15.82,1.88,0.0,0.0,0.79,843.97,14.26,4.05,0.91,2026-06-13,True
2025-12-30,843.97,11.99,1.31,4.28,0.0,2.37,0.0,0.0,3.15,847.48,12.95,4.06,3.62,2026-06-13,True
2025-12-31,847.48,9.09,1.0,6.2,0.0,2.08,0.0,0.0,0.94,848.35,9.81,5.89,1.08,2026-06-13,True
2026-01-01,848.35,9.33,1.15,5.6,0.0,2.15,0.0,0.0,2.85,848.23,10.08,5.32,3.28,2026-06-13,True
2026-01-02,848.23,9.79,1.09,6.3,0.0,2.41,0.0,0.0,1.02,849.39,10.57,7.18,1.18,2026-06-13,True
2026-01-03,849.39,10.16,1.58,5.68,0.0,2.3,0.0,0.0,0.78,852.38,10.97,5.4,0.89,2026-06-13,True
2026-01-04,852.38,9.81,0.8,6.57,0.0,2.24,0.0,0.0,1.1,853.08,10.6,6.25,1.27,2026-06-13,True
2026-01-05,853.08,12.86,1.12,5.73,0.0,2.17,0.0,0.0,1.03,858.13,13.89,5.45,1.19,2026-06-13,True
2026-01-06,858.13,14.63,1.3,7.07,0.0,1.7,0.0,0.0,2.63,862.66,15.8,6.72,3.02,2026-06-13,True
2026-01-07,862.66,10.5,0.93,5.99,0.0,2.38,0.0,0.0,1.0,864.71,11.34,5.69,1.15,2026-06-13,True
2026-01-08,864.71,9.99,1.2,5.27,0.0,2.12,0.0,0.0,2.8,865.71,10.79,5.01,3.22,2026-06-13,True
2026-01-09,865.71,10.9,1.39,9.08,0.0,2.12,0.0,0.0,1.02,865.79,11.77,10.35,1.17,2026-06-13,True
2026-01-10,865.79,9.93,1.11,6.29,0.0,2.25,0.0,0.0,0.93,867.36,10.72,5.97,1.07,2026-06-13,True
2026-01-11,867.36,9.95,0.7,4.68,0.0,1.96,0.0,0.0,1.02,870.34,10.75,4.45,1.17,2026-06-13,True
2026-01-12,870.34,11.06,1.71,3.58,16.49,2.15,0.0,0.0,1.04,859.84,11.95,3.41,1.2,2026-06-13,True
2026-01-13,859.84,13.19,1.14,4.26,0.0,1.99,0.0,0.0,2.56,865.36,14.25,4.05,2.95,2026-06-13,True
2026-01-14,865.36,9.4,0.94,5.68,0.0,2.12,0.0,0.0,1.11,866.79,10.16,5.4,1.28,2026-06-13,True
2026-01-15,866.79,10.92,1.38,4.93,0.0,2.12,32.0,0.0,2.75,837.29,11.8,4.69,3.16,2026-06-13,True
2026-01-16,837.29,6.68,1.2,7.19,0.0,2.36,0.0,0.0,1.13,834.49,7.22,8.2,1.3,2026-06-13,True
2026-01-17,834.49,10.4,1.18,4.94,0.0,2.01,0.0,0.0,1.02,838.1,11.24,4.69,1.18,2026-06-13,True
2026-01-18,838.1,11.06,1.24,6.0,0.0,2.15,0.0,0.0,1.36,840.89,11.94,5.7,1.56,2026-06-13,True
2026-01-19,840.89,12.57,1.15,6.23,0.0,1.84,0.0,0.0,0.73,845.81,13.58,5.92,0.84,2026-06-13,True
2026-01-20,845.81,12.66,1.16,4.66,0.0,2.12,0.0,0.0,2.64,850.2,13.67,4.43,3.03,2026-06-13,True
2026-01-21,850.2,10.61,1.15,4.92,0.0,2.12,0.0,0.0,0.87,854.05,11.45,4.67,1.0,2026-06-13,True
2026-01-22,854.05,9.08,0.94,4.85,0.0,1.81,0.0,0.0,2.82,854.59,9.8,4.61,3.24,2026-06-13,True
2026-01-23,854.59,11.75,1.82,7.45,0.0,1.91,0.0,0.0,0.69,858.11,12.69,8.49,0.79,2026-06-13,True
2026-01-24,858.11,9.91,1.22,4.36,0.0,1.95,0.0,0.0,1.0,861.93,10.71,4.14,1.15,2026-06-13,True
2026-01-25,861.93,9.26,1.08,4.34,0.0,1.76,0.0,0.0,0.75,865.43,10.0,4.12,0.86,2026-06-13,True
2026-01-26,865.43,13.22,1.52,1.91,15.94,2.14,0.0,0.0,1.08,859.09,14.28,1.82,1.24,2026-06-13,True
2026-01-27,859.09,12.52,1.32,3.78,0.0,2.52,0.0,0.0,2.84,863.8,13.52,3.59,3.26,2026-06-13,True
2026-01-28,863.8,10.15,1.01,5.9,0.0,1.91,0.0,0.0,1.04,866.1,10.96,5.61,1.2,2026-06-13,True
2026-01-29,866.1,8.46,1.33,6.56,0.0,2.15,0.0,0.0,2.93,864.24,9.13,6.24,3.37,2026-06-13,True
2026-01-30,864.24,10.37,1.08,6.85,0.0,1.8,0.0,0.0,1.08,865.96,11.2,7.81,1.24,2026-06-13,True
2026-01-31,865.96,10.4,1.7,6.18,0.0,2.28,0.0,0.0,0.98,868.62,11.23,5.87,1.13,2026-06-13,True
2026-02-01,868.62,9.02,1.35,5.66,0.0,2.05,0.0,0.0,1.06,870.22,9.74,5.37,1.21,2026-06-13,True
2026-02-02,870.22,12.68,0.96,5.02,0.0,2.25,0.0,0.0,0.85,875.75,13.7,4.77,0.98,2026-06-13,True
2026-02-03,875.75,14.75,1.29,5.14,0.0,2.51,0.0,0.0,2.91,881.23,15.93,4.88,3.35,2026-06-13,True
2026-02-04,881.23,9.43,0.98,4.92,0.0,2.09,0.0,0.0,1.03,883.62,10.19,4.67,1.18,2026-06-13,True
2026-02-05,883.62,10.23,0.67,5.82,0.0,2.13,0.0,0.0,2.64,883.93,11.05,5.53,3.03,2026-06-13,True
2026-02-06,883.93,9.37,0.9,6.21,0.0,2.03,0.0,0.0,0.57,885.39,10.12,7.08,0.66,2026-06-13,True
2026-02-07,885.39,9.5,0.92,6.1,0.0,2.28,0.0,0.0,0.46,886.97,10.26,5.79,0.53,2026-06-13,True
2026-02-08,886.97,10.17,1.23,5.94,0.0,2.27,0.0,0.0,0.93,889.21,10.98,5.64,1.08,2026-06-13,True
2026-02-09,889.21,13.57,0.96,5.73,15.7,2.07,0.0,0.0,0.85,879.39,14.66,5.44,0.98,2026-06-13,True
2026-02-10,879.39,12.64,1.75,4.43,0.0,2.12,0.0,0.0,2.83,884.41,13.65,4.21,3.25,2026-06-13,True
2026-02-11,884.41,8.1,1.13,4.61,0.0,2.27,0.0,0.0,0.87,885.9,8.75,4.38,1.0,2026-06-13,True
2026-02-12,885.9,12.09,1.02,4.74,0.0,1.79,0.0,0.0,2.64,889.84,13.05,4.5,3.04,2026-06-13,True
2026-02-13,889.84,11.33,0.85,7.04,0.0,2.27,0.0,0.0,1.04,891.67,12.24,8.02,1.2,2026-06-13,True
2026-02-14,891.67,11.28,1.3,6.32,0.0,1.79,0.0,0.0,0.89,895.27,12.18,6.0,1.02,2026-06-13,True
2026-02-15,895.27,10.61,1.12,4.36,0.0,2.36,32.0,0.0,0.95,867.33,11.46,4.14,1.1,2026-06-13,True
2026-02-16,867.33,12.32,1.32,5.09,0.0,2.17,0.0,0.0,0.88,872.83,13.31,4.84,1.02,2026-06-13,True
2026-02-17,872.83,11.29,0.99,5.48,0.0,2.18,0.0,0.0,2.52,874.92,12.19,5.21,2.9,2026-06-13,True
2026-02-18,874.92,9.68,1.2,4.64,0.0,2.18,0.0,0.0,1.09,877.9,10.46,4.41,1.25,2026-06-13,True
2026-02-19,877.9,10.2,1.24,4.79,0.0,2.13,0.0,0.0,2.85,879.57,11.02,4.55,3.28,2026-06-13,True
2026-02-20,879.57,8.35,0.89,6.03,0.0,2.31,0.0,0.0,0.96,879.5,9.02,6.87,1.11,2026-06-13,True
2026-02-21,879.5,8.53,0.93,4.58,0.0,1.88,0.0,0.0,1.03,881.47,9.21,4.35,1.19,2026-06-13,True
2026-02-22,881.47,10.27,1.06,5.07,0.0,2.47,0.0,0.0,0.85,884.4,11.09,4.82,0.98,2026-06-13,True
2026-02-23,884.4,13.45,0.75,4.71,16.54,2.0,0.0,0.0,0.98,874.36,14.52,4.48,1.13,2026-06-13,True
2026-02-24,874.36,12.13,0.47,4.13,0.0,1.91,0.0,0.0,2.56,878.35,13.1,3.93,2.95,2026-06-13,True
2026-02-25,878.35,11.07,1.43,4.8,0.0,1.59,0.0,0.0,0.59,883.87,11.95,4.56,0.67,2026-06-13,True
2026-02-26,883.87,10.41,0.75,32.17,0.0,2.14,0.0,0.0,2.97,857.76,11.25,30.56,3.42,2026-06-13,True
2026-02-27,857.76,11.26,0.84,9.8,0.0,2.29,0.0,0.0,1.07,856.7,12.16,11.18,1.23,2026-06-13,True
2026-02-28,856.7,11.29,1.5,6.17,0.0,2.1,0.0,0.0,1.01,860.2,12.2,5.86,1.17,2026-06-13,True
2026-03-01,860.2,11.44,1.46,3.97,0.0,2.4,0.0,0.0,1.09,865.65,12.36,3.78,1.25,2026-06-13,True
2026-03-02,865.65,12.97,1.27,6.34,0.0,2.71,0.0,0.0,1.06,869.79,14.01,6.02,1.22,2026-06-13,True
2026-03-03,869.79,14.36,0.94,4.16,0.0,2.05,0.0,0.0,2.77,876.09,15.51,3.95,3.19,2026-06-13,True
2026-03-04,876.09,10.06,1.44,6.56,0.0,2.18,0.0,0.0,0.82,878.04,10.86,6.23,0.94,2026-06-13,True
2026-03-05,878.04,8.39,1.06,5.2,0.0,2.22,0.0,0.0,2.78,877.29,9.06,4.94,3.2,2026-06-13,True
2026-03-06,877.29,11.39,1.28,7.27,0.0,1.92,0.0,0.0,1.03,879.74,12.3,8.29,1.19,2026-06-13,True
2026-03-07,879.74,8.8,1.06,4.23,0.0,1.74,0.0,0.0,0.88,882.75,9.5,4.01,1.01,2026-06-13,True
2026-03-08,882.75,9.5,1.2,6.27,0.0,2.05,0.0,0.0,0.7,884.43,10.26,5.96,0.8,2026-06-13,True
2026-03-09,884.43,13.77,1.55,6.29,16.54,2.21,0.0,0.0,0.72,873.99,14.87,5.98,0.83,2026-06-13,True
2026-03-10,873.99,13.15,1.05,5.68,0.0,2.51,0.0,0.0,2.67,877.33,14.2,5.39,3.08,2026-06-13,True
2026-03-11,877.33,9.29,1.24,4.36,0.0,2.16,0.0,0.0,0.7,880.64,10.03,4.15,0.8,2026-06-13,True
2026-03-12,880.64,11.87,0.92,5.77,0.0,1.7,0.0,0.0,2.55,883.41,12.82,5.48,2.94,2026-06-13,True
2026-03-13,883.41,9.96,0.99,5.21,0.0,2.51,0.0,0.0,0.82,885.81,10.76,5.94,0.95,2026-06-13,True
2026-03-14,885.81,9.65,1.4,5.52,0.0,2.35,0.0,0.0,0.62,888.37,10.42,5.25,0.71,2026-06-13,True
2026-03-15,888.37,8.86,1.16,5.23,0.0,2.27,32.0,0.0,1.01,857.87,9.56,4.97,1.16,2026-06-13,True
2026-03-16,857.87,13.45,1.02,4.63,0.0,1.96,0.0,0.0,0.87,864.88,14.53,4.4,1.0,2026-06-13,True
2026-03-17,864.88,15.07,1.06,5.81,0.0,2.05,0.0,0.0,2.88,870.26,16.28,5.52,3.32,2026-06-13,True
2026-03-18,870.26,7.72,0.83,5.47,0.0,2.13,0.0,0.0,0.8,870.42,8.34,5.2,0.92,2026-06-13,True
2026-03-19,870.42,10.11,0.21,6.06,0.0,2.05,0.0,0.0,3.12,869.51,10.92,5.76,3.59,2026-06-13,True
2026-03-20,869.51,10.48,1.17,7.48,0.0,2.18,0.0,0.0,1.16,870.34,11.32,8.53,1.33,2026-06-13,True
2026-03-21,870.34,9.17,1.01,4.01,0.0,1.84,0.0,0.0,0.89,873.78,9.91,3.81,1.02,2026-06-13,True
2026-03-22,873.78,10.04,1.2,6.48,0.0,1.99,0.0,0.0,0.96,875.59,10.85,6.16,1.11,2026-06-13,True
2026-03-23,875.59,12.52,1.24,5.18,17.08,1.55,0.0,0.0,1.12,864.4,13.52,4.93,1.29,2026-06-13,True
2026-03-24,864.4,12.67,0.77,4.4,0.0,1.7,0.0,0.0,2.7,869.05,13.68,4.18,3.1,2026-06-13,True
2026-03-25,869.05,10.26,1.09,6.26,0.0,2.14,0.0,0.0,0.59,871.4,11.08,5.95,0.67,2026-06-13,True
2026-03-26,871.4,9.65,1.19,5.52,0.0,1.97,0.0,0.0,2.75,871.99,10.42,5.24,3.16,2026-06-13,True
2026-03-27,871.99,9.63,0.87,8.0,0.0,2.0,0.0,0.0,1.05,871.45,10.41,9.12,1.21,2026-06-13,True
2026-03-28,871.45,10.06,1.03,5.71,0.0,1.99,0.0,0.0,0.47,874.37,10.86,5.42,0.54,2026-06-13,True
2026-03-29,874.37,11.58,1.19,6.21,0.0,1.98,0.0,0.0,0.76,878.19,12.51,5.9,0.87,2026-06-13,True
2026-03-30,878.19,12.03,1.13,4.29,0.0,1.98,0.0,0.0,1.11,883.97,12.99,4.08,1.27,2026-06-13,True
2026-03-31,883.97,13.52,0.39,4.6,0.0,2.34,0.0,0.0,3.1,887.84,14.6,4.37,3.56,2026-06-13,True
2026-04-01,887.84,10.68,1.0,4.48,0.0,2.32,0.0,0.0,0.95,891.78,11.54,4.26,1.09,2026-06-13,True
2026-04-02,891.78,10.45,0.99,5.53,0.0,2.25,0.0,0.0,2.74,892.71,11.29,5.25,3.15,2026-06-13,True
2026-04-03,892.71,10.49,1.33,7.53,0.0,2.25,0.0,0.0,0.92,893.84,11.33,8.58,1.06,2026-06-13,True
2026-04-04,893.84,11.66,0.94,6.8,0.0,2.19,0.0,0.0,1.05,896.41,12.59,6.46,1.21,2026-06-13,True
2026-04-05,896.41,10.98,1.02,6.84,0.0,2.2,0.0,0.0,1.06,898.3,11.85,6.5,1.22,2026-06-13,True
2026-04-06,898.3,13.67,0.95,5.23,16.15,2.32,0.0,0.0,0.91,888.32,14.77,4.96,1.05,2026-06-13,True
2026-04-07,888.32,10.8,1.13,5.39,0.0,2.27,0.0,0.0,2.83,889.75,11.66,5.13,3.25,2026-06-13,True
2026-04-08,889.75,10.46,1.41,5.52,0.0,2.14,0.0,0.0,1.11,892.85,11.3,5.24,1.28,2026-06-13,True
2026-04-09,892.85,10.81,1.22,4.13,0.0,2.07,0.0,0.0,2.83,895.84,11.67,3.93,3.25,2026-06-13,True
2026-04-10,895.84,9.62,1.49,7.46,0.0,2.15,0.0,0.0,0.64,896.7,10.39,8.51,0.74,2026-06-13,True
2026-04-11,896.7,10.54,1.17,4.53,0.0,1.98,0.0,0.0,0.81,901.1,11.38,4.3,0.93,2026-06-13,True
2026-04-12,901.1,10.55,1.16,4.62,0.0,2.44,0.0,0.0,1.18,904.56,11.4,4.39,1.35,2026-06-13,True
2026-04-13,904.56,12.2,1.06,5.15,0.0,1.94,0.0,0.0,1.0,909.74,13.18,4.89,1.15,2026-06-13,True
2026-04-14,909.74,13.17,1.79,5.48,0.0,2.24,0.0,0.0,2.77,914.21,14.23,5.21,3.19,2026-06-13,True
2026-04-15,914.21,11.89,1.16,4.73,0.0,2.44,32.0,0.0,1.5,886.59,12.84,4.49,1.73,2026-06-13,True
2026-04-16,886.59,9.33,1.03,5.14,0.0,1.94,0.0,0.0,2.62,887.26,10.08,4.88,3.01,2026-06-13,True
2026-04-17,887.26,10.86,0.98,8.78,0.0,2.62,0.0,0.0,0.79,886.91,11.73,10.01,0.91,2026-06-13,True
2026-04-18,886.91,10.93,1.18,6.13,0.0,2.09,0.0,0.0,1.11,889.69,11.8,5.83,1.28,2026-06-13,True
2026-04-19,889.69,9.5,1.38,4.55,0.0,1.97,0.0,0.0,0.88,893.17,10.26,4.32,1.01,2026-06-13,True
2026-04-20,893.17,13.8,1.03,4.9,16.77,2.24,0.0,0.0,1.04,883.04,14.91,4.66,1.2,2026-06-13,True
2026-04-21,883.04,13.31,1.23,5.83,0.0,2.41,0.0,0.0,2.75,886.59,14.37,5.54,3.17,2026-06-13,True
2026-04-22,886.59,11.4,0.93,5.94,0.0,1.91,0.0,0.0,0.7,890.37,12.31,5.64,0.8,2026-06-13,True
2026-04-23,890.37,11.53,0.99,5.75,0.0,1.99,0.0,0.0,2.95,892.2,12.45,5.46,3.39,2026-06-13,True
2026-04-24,892.2,9.73,1.11,8.86,0.0,2.25,0.0,0.0,1.24,890.68,10.5,10.1,1.43,2026-06-13,True
2026-04-25,890.68,9.01,1.61,5.21,0.0,2.0,0.0,0.0,0.69,893.41,9.73,4.95,0.79,2026-06-13,True
2026-04-26,893.41,10.31,1.46,6.25,0.0,2.34,0.0,0.0,0.82,895.77,11.13,5.93,0.95,2026-06-13,True
2026-04-27,895.77,13.67,1.21,4.65,0.0,2.44,0.0,0.0,0.87,902.68,14.76,4.42,1.0,2026-06-13,True
2026-04-28,902.68,14.27,0.64,6.43,0.0,2.31,0.0,0.0,2.71,906.15,15.42,6.11,3.12,2026-06-13,True
2026-04-29,906.15,9.89,1.16,5.81,0.0,2.11,0.0,0.0,1.02,908.26,10.69,5.52,1.17,2026-06-13,True
2026-04-30,908.26,9.51,0.49,5.2,0.0,1.94,0.0,0.0,2.65,908.47,10.27,4.94,3.04,2026-06-13,True
2026-05-01,908.47,9.76,1.13,7.84,0.0,1.78,0.0,0.0,1.03,908.72,10.54,8.93,1.19,2026-06-13,True
2026-05-02,908.72,9.2,1.01,6.86,0.0,2.12,0.0,0.0,0.95,909.0,9.93,6.52,1.09,2026-06-13,True
2026-05-03,909.0,10.39,0.7,6.46,0.0,2.29,0.0,0.0,0.53,910.81,11.23,6.14,0.61,2026-06-13,True
2026-05-04,910.81,12.74,1.01,4.98,18.26,1.89,0.0,0.0,1.02,898.42,13.76,4.73,1.18,2026-06-13,True
2026-05-05,898.42,13.37,0.75,5.7,0.0,1.83,0.0,0.0,2.69,902.32,14.44,5.42,3.09,2026-06-13,True
2026-05-06,902.32,11.04,1.13,4.53,0.0,2.04,0.0,0.0,1.23,906.69,11.93,4.31,1.41,2026-06-13,True
2026-05-07,906.69,10.2,1.43,5.74,0.0,2.27,0.0,0.0,2.85,907.47,11.02,5.45,3.28,2026-06-13,True
2026-05-08,907.47,11.72,1.06,8.24,0.0,2.13,0.0,0.0,1.05,908.83,12.66,9.39,1.21,2026-06-13,True
2026-05-09,908.83,10.59,1.13,5.55,0.0,2.29,0.0,0.0,0.95,911.76,11.43,5.27,1.1,2026-06-13,True
2026-05-10,911.76,11.54,1.03,5.75,0.0,1.79,0.0,0.0,1.14,915.66,12.47,5.46,1.31,2026-06-13,True
2026-05-11,915.66,13.22,1.54,4.05,0.0,2.26,0.0,0.0,0.7,923.42,14.28,3.85,0.8,2026-06-13,True
2026-05-12,923.42,15.34,0.94,4.99,0.0,2.39,0.0,0.0,2.79,929.53,16.57,4.74,3.21,2026-06-13,True
2026-05-13,929.53,9.84,1.12,5.61,0.0,2.04,0.0,0.0,1.07,931.77,10.63,5.33,1.23,2026-06-13,True
2026-05-14,931.77,10.5,0.81,39.26,0.0,2.27,0.0,0.0,2.91,898.64,11.34,37.3,3.35,2026-06-13,True
2026-05-15,898.64,9.32,0.89,7.96,0.0,2.12,32.0,0.0,0.61,866.16,10.06,9.07,0.7,2026-06-13,True
2026-05-16,866.16,9.96,0.87,6.36,0.0,2.47,0.0,0.0,1.06,867.09,10.75,6.04,1.22,2026-06-13,True
2026-05-17,867.09,11.28,0.86,5.53,0.0,2.4,0.0,0.0,1.22,870.07,12.18,5.26,1.4,2026-06-13,True
2026-05-18,870.07,14.95,1.42,5.2,15.73,2.03,0.0,0.0,0.74,862.73,16.14,4.94,0.85,2026-06-13,True
2026-05-19,862.73,12.81,1.45,4.79,0.0,1.85,0.0,0.0,2.73,867.63,13.84,4.55,3.14,2026-06-13,True
2026-05-20,867.63,10.82,1.11,6.61,0.0,2.06,0.0,0.0,0.77,870.12,11.68,6.28,0.89,2026-06-13,True
2026-05-21,870.12,10.46,1.38,5.35,0.0,2.29,0.0,0.0,2.72,871.6,11.3,5.08,3.13,2026-06-13,True
2026-05-22,871.6,11.04,1.25,7.06,0.0,2.05,0.0,0.0,1.14,873.63,11.92,8.05,1.31,2026-06-13,True
2026-05-23,873.63,10.27,1.12,5.6,0.0,2.07,0.0,0.0,0.89,876.47,11.09,5.32,1.02,2026-06-13,True
2026-05-24,876.47,9.02,1.07,5.09,0.0,2.08,0.0,0.0,1.09,878.3,9.74,4.84,1.26,2026-06-13,True
2026-05-25,878.3,13.69,0.95,6.03,0.0,2.93,0.0,0.0,0.98,883.01,14.78,5.73,1.12,2026-06-13,True
2026-05-26,883.01,11.6,1.18,7.55,0.0,1.51,0.0,0.0,2.9,883.83,12.53,7.18,3.34,2026-06-13,True
2026-05-27,883.83,12.28,1.42,5.15,0.0,2.15,0.0,0.0,0.62,889.61,13.27,4.89,0.72,2026-06-13,True
2026-05-28,889.61,10.21,1.11,6.92,0.0,2.23,0.0,0.0,2.82,888.96,11.03,6.58,3.24,2026-06-13,True
2026-05-29,888.96,10.39,1.24,5.39,0.0,1.99,0.0,0.0,1.37,891.84,11.22,6.14,1.58,2026-06-13,True
2026-05-30,891.84,10.38,1.23,5.13,0.0,2.11,0.0,0.0,0.97,895.24,11.21,4.87,1.12,2026-06-13,True
2026-05-31,895.24,9.85,1.17,4.27,0.0,2.31,0.0,0.0,1.15,898.52,10.64,4.06,1.32,2026-06-13,True
2026-06-01,898.52,14.0,1.05,3.65,16.35,1.99,0.0,0.0,0.89,890.69,15.12,3.47,1.03,2026-06-13,True
2026-06-02,890.69,12.71,1.01,5.45,0.0,2.14,0.0,0.0,2.77,894.04,13.72,5.17,3.19,2026-06-13,True
2026-06-03,894.04,10.1,1.07,5.81,0.0,1.97,0.0,0.0,0.63,896.8,10.91,5.52,0.72,2026-06-13,True
2026-06-04,896.8,10.51,1.07,6.15,0.0,2.16,0.0,0.0,2.52,897.56,11.35,5.84,2.89,2026-06-13,True
2026-06-05,897.56,8.94,0.97,9.14,0.0,1.43,0.0,0.0,0.75,896.16,9.65,10.42,0.86,2026-06-13,True
2026-06-06,896.16,9.99,1.07,4.78,0.0,1.75,0.0,0.0,0.46,900.23,10.79,4.54,0.52,2026-06-13,True
2026-06-07,900.23,10.74,1.01,4.39,0.0,2.73,0.0,0.0,0.97,903.9,11.6,4.17,1.12,2026-06-13,True
2026-06-08,903.9,14.54,1.49,4.87,0.0,1.59,0.0,0.0,0.91,912.56,15.7,4.63,1.05,2026-06-13,True
2026-06-09,912.56,14.0,1.09,5.87,0.0,2.09,0.0,0.0,2.81,916.88,15.12,5.57,3.23,2026-06-13,True
2026-06-10,916.88,9.76,1.32,5.33,0.0,2.07,0.0,0.0,0.94,919.62,10.55,5.06,1.08,2026-06-13,True
2026-06-11,919.62,10.52,0.98,4.69,0.0,1.99,0.0,0.0,2.82,921.62,11.36,4.45,3.24,2026-06-13,True
2026-06-12,921.62,9.52,0.66,7.13,0.0,2.27,0.0,0.0,1.0,921.4,10.28,8.13,1.15,2026-06-13,True
2026-06-13,921.4,11.03,1.09,3.55,0.0,2.01,0.0,0.0,0.95,927.01,11.91,3.37,1.09,2026-06-13,True
2026-06-14,927.01,10.96,1.78,4.88,0.0,1.7,0.0,0.0,0.96,932.2,11.83,4.64,1.1,2026-06-13,True
2026-06-15,932.2,13.79,0.67,4.16,15.35,2.02,32.0,0.0,0.97,892.16,14.89,3.95,1.12,2026-06-13,True
2026-06-16,892.16,13.57,0.57,6.72,0.0,1.85,0.0,0.0,2.84,894.89,14.66,6.39,3.26,2026-06-13,True
2026-06-17,894.89,10.69,1.06,4.74,0.0,1.97,0.0,0.0,1.08,898.85,11.55,4.51,1.24,2026-06-13,True
2026-06-18,898.85,10.47,1.34,5.1,0.0,2.18,0.0,0.0,2.85,900.53,11.3,4.85,3.27,2026-06-13,True
2026-06-19,900.53,10.32,0.98,7.73,0.0,1.77,0.0,0.0,0.83,901.49,11.14,8.82,0.96,2026-06-13,True
2026-06-20,901.49,10.59,1.4,5.92,0.0,1.94,0.0,0.0,0.94,904.69,11.44,5.62,1.08,2026-06-13,True
2026-06-21,904.69,9.12,0.97,5.12,0.0,2.05,0.0,0.0,0.71,906.89,9.85,4.86,0.82,2026-06-13,True
2026-06-22,906.89,12.84,1.1,6.19,0.0,2.09,0.0,0.0,0.7,911.85,13.87,5.88,0.8,2026-06-13,True
2026-06-23,911.85,14.14,1.07,4.52,0.0,2.02,0.0,0.0,2.96,917.57,15.27,4.29,3.41,2026-06-13,True
2026-06-24,917.57,10.89,0.74,5.53,0.0,1.97,0.0,0.0,0.63,921.07,11.76,5.26,0.72,2026-06-13,True
2026-06-25,921.07,9.0,1.25,5.7,0.0,2.12,0.0,0.0,2.75,920.75,9.72,5.41,3.16,2026-06-13,True
2026-06-26,920.75,11.11,1.3,8.31,0.0,2.04,0.0,0.0,0.88,921.93,12.0,9.47,1.02,2026-06-13,True
2026-06-27,921.93,9.13,1.16,4.56,0.0,1.87,0.0,0.0,0.84,924.95,9.86,4.33,0.97,2026-06-13,False
2026-06-28,924.95,11.87,1.36,6.71,0.0,1.97,0.0,0.0,1.08,928.42,12.82,6.38,1.24,2026-06-13,False
2026-06-29,928.42,13.32,1.04,5.41,,2.05,0.0,0.0,1.11,916.84,14.38,5.14,1.27,2026-06-13,False
2026-06-30,916.84,11.67,1.31,4.76,0.0,2.38,0.0,0.0,3.33,919.36,12.61,4.52,3.82,2026-06-13,False
2026-07-01,919.36,9.43,1.05,5.36,0.0,2.12,0.0,0.0,1.11,921.25,10.19,5.09,1.28,2026-06-13,False
2026-07-02,921.25,11.78,1.15,5.92,0.0,2.58,0.0,0.0,2.7,922.98,12.72,5.62,3.1,2026-06-13,False
2026-07-03,922.98,11.99,1.23,7.9,0.0,1.89,0.0,0.0,0.89,925.51,12.95,9.01,1.02,2026-06-13,False
2026-07-04,925.51,10.13,1.02,5.72,0.0,2.6,0.0,0.0,1.09,927.25,10.94,5.43,1.25,2026-06-13,False
2026-07-05,927.25,9.73,1.15,5.61,0.0,2.21,0.0,0.0,0.79,929.52,10.51,5.33,0.91,2026-06-13,False
2026-07-06,929.52,14.41,1.33,4.33,0.0,2.2,0.0,0.0,1.23,937.49,15.56,4.11,1.41,2026-06-13,False
2026-07-07,937.49,13.2,1.07,6.9,0.0,1.81,0.0,0.0,3.07,939.99,14.26,6.55,3.53,2026-06-13,False
2026-07-08,939.99,11.87,0.72,4.12,0.0,2.32,0.0,0.0,0.71,945.43,12.82,3.91,0.82,2026-06-13,False
2026-07-09,945.43,10.54,1.11,4.51,0.0,1.83,0.0,0.0,2.82,947.93,11.38,4.28,3.24,2026-06-13,False
2026-07-10,947.93,9.78,0.9,7.42,0.0,2.23,0.0,0.0,0.95,948.02,10.57,8.46,1.09,2026-06-13,False
2026-07-11,948.02,8.85,1.54,6.47,0.0,2.08,0.0,0.0,0.79,949.05,9.55,6.15,0.91,2026-06-13,False
2026-07-12,949.05,9.24,1.32,3.74,0.0,2.14,0.0,0.0,0.55,953.2,9.98,3.55,0.63,2026-06-13,False
2026-07-13,953.2,12.2,0.96,4.96,,2.22,0.0,0.0,0.97,942.51,13.17,4.72,1.11,2026-06-13,False
2026-07-14,942.51,11.39,1.12,6.07,0.0,2.04,0.0,0.0,2.64,944.27,12.3,5.77,3.03,2026-06-13,False
2026-07-15,944.27,9.93,0.91,6.59,0.0,2.44,32.0,0.0,1.02,913.05,10.72,6.27,1.17,2026-06-13,False
2026-07-16,913.05,11.24,1.0,4.62,0.0,2.05,0.0,0.0,2.97,915.66,12.14,4.39,3.41,2026-06-13,False
2026-07-17,915.66,12.74,1.16,8.02,0.0,2.62,0.0,0.0,0.97,917.95,13.76,9.14,1.11,2026-06-13,False
2026-07-18,917.95,10.88,1.05,6.95,0.0,2.31,0.0,0.0,0.92,919.7,11.75,6.6,1.06,2026-06-13,False
2026-07-19,919.7,9.7,1.44,5.41,0.0,1.67,0.0,0.0,0.99,922.77,10.48,5.14,1.14,2026-06-13,False
2026-07-20,922.77,13.71,1.16,4.33,0.0,2.46,0.0,0.0,0.99,929.88,14.81,4.11,1.13,2026-06-13,False
2026-07-21,929.88,14.17,1.28,4.44,0.0,1.93,0.0,0.0,2.98,935.98,15.3,4.22,3.43,2026-06-13,False
2026-07-22,935.98,7.85,0.65,4.48,0.0,2.19,0.0,0.0,1.15,936.65,8.48,4.26,1.33,2026-06-13,False
2026-07-23,936.65,10.62,0.93,4.62,0.0,1.61,0.0,0.0,2.88,939.09,11.47,4.39,3.31,2026-06-13,False
2026-07-24,939.09,10.18,1.46,7.97,0.0,1.93,0.0,0.0,0.81,940.03,11.0,9.08,0.93,2026-06-13,False
2026-07-25,940.03,11.2,1.29,4.54,0.0,2.41,0.0,0.0,0.76,944.81,12.1,4.31,0.88,2026-06-13,False
2026-07-26,944.81,10.9,1.16,5.72,0.0,2.36,0.0,0.0,1.11,947.68,11.77,5.44,1.27,2026-06-13,False
2026-07-27,947.68,14.94,0.75,6.96,,2.32,0.0,0.0,0.9,936.54,16.14,6.61,1.04,2026-06-13,False
2026-07-28,936.54,12.41,1.04,5.38,0.0,1.93,0.0,0.0,2.83,939.86,13.4,5.11,3.25,2026-06-13,False
2026-07-29,939.86,11.29,0.8,4.16,0.0,2.22,0.0,0.0,0.67,944.89,12.19,3.95,0.77,2026-06-13,False
2026-07-30,944.89,9.77,1.08,5.43,0.0,2.21,0.0,0.0,2.62,945.47,10.55,5.16,3.02,2026-06-13,False
2026-07-31,945.47,11.63,1.12,7.3,0.0,1.88,0.0,0.0,0.94,948.09,12.56,8.32,1.09,2026-06-13,False
2026-08-01,948.09,10.39,1.33,5.31,0.0,2.01,0.0,0.0,0.9,951.59,,5.04,1.04,2026-06-13,False
2026-08-02,951.59,9.83,0.79,3.54,0.0,2.58,0.0,0.0,1.19,954.9,,3.36,1.37,2026-06-13,False
2026-08-03,954.9,13.23,0.35,5.29,0.0,2.04,0.0,0.0,0.94,960.2,,5.03,1.08,2026-06-13,False
2026-08-04,960.2,11.7,1.08,7.0,0.0,1.79,0.0,0.0,2.87,961.32,,6.65,3.3,2026-06-13,False
2026-08-05,961.32,8.23,1.16,4.38,0.0,2.35,0.0,0.0,0.75,963.23,,4.16,0.86,2026-06-13,False
2026-08-06,963.23,9.47,1.16,4.94,0.0,2.21,0.0,160.0,2.99,803.72,,4.69,3.44,2026-06-13,False
2026-08-07,803.72,11.6,1.36,7.79,0.0,1.87,0.0,0.0,0.99,806.03,,8.88,1.13,2026-06-13,False
2026-08-08,806.03,8.66,1.07,5.0,0.0,2.05,0.0,0.0,0.62,808.1,,4.75,0.71,2026-06-13,False
2026-08-09,808.1,11.24,1.21,4.44,0.0,2.27,0.0,0.0,0.98,812.87,,4.21,1.13,2026-06-13,False
2026-08-10,812.87,13.48,0.86,5.71,,2.0,0.0,0.0,0.92,801.03,,5.43,1.06,2026-06-13,False
2026-08-11,801.03,11.61,1.1,5.74,0.0,1.71,0.0,0.0,2.96,803.34,,5.45,3.41,2026-06-13,False
2026-08-12,803.34,9.0,1.74,4.97,0.0,1.96,0.0,0.0,0.79,806.36,,4.72,0.91,2026-06-13,False
2026-08-13,806.36,9.11,1.1,6.54,0.0,2.35,0.0,0.0,2.9,804.78,,6.21,3.33,2026-06-13,False
2026-08-14,804.78,11.78,0.66,7.13,0.0,1.92,0.0,0.0,0.73,807.44,,8.13,0.84,2026-06-13,False
2026-08-15,807.44,11.66,1.37,6.85,0.0,2.29,32.0,0.0,0.88,778.44,,6.51,1.01,2026-06-13,False
2026-08-16,778.44,11.52,1.18,5.74,0.0,2.24,0.0,0.0,1.24,781.93,,5.45,1.43,2026-06-13,False
2026-08-17,781.93,11.9,1.37,6.13,0.0,2.39,0.0,0.0,1.08,785.6,,5.83,1.24,2026-06-13,False
2026-08-18,785.6,14.27,1.12,5.13,0.0,2.19,0.0,0.0,2.88,790.79,,4.88,3.31,2026-06-13,False
2026-08-19,790.79,11.37,1.33,5.4,0.0,1.92,0.0,0.0,0.85,795.32,,5.13,0.98,2026-06-13,False
2026-08-20,795.32,12.22,1.15,6.04,0.0,2.07,0.0,0.0,2.75,797.82,,5.74,3.16,2026-06-13,False
2026-08-21,797.82,12.31,0.81,9.11,0.0,1.89,0.0,0.0,0.88,799.07,,10.38,1.01,2026-06-13,False
2026-08-22,799.07,10.06,0.88,4.63,0.0,2.15,0.0,0.0,1.06,802.16,,4.4,1.22,2026-06-13,False
2026-08-23,802.16,11.87,1.34,5.0,0.0,2.12,0.0,0.0,0.94,807.32,,4.75,1.08,2026-06-13,False
2026-08-24,807.32,11.85,0.84,7.22,,1.88,0.0,0.0,0.97,793.46,,6.86,1.11,2026-06-13,False
2026-08-25,793.46,13.8,1.2,5.37,0.0,1.52,0.0,0.0,2.89,798.69,,5.1,3.33,2026-06-13,False
2026-08-26,798.69,11.62,0.95,3.83,0.0,2.09,0.0,0.0,0.97,804.36,,3.64,1.12,2026-06-13,False
2026-08-27,804.36,10.29,0.58,5.7,0.0,2.45,0.0,0.0,2.63,804.46,,5.42,3.02,2026-06-13,False
2026-08-28,804.46,9.38,1.0,8.75,0.0,1.91,0.0,0.0,0.57,803.6,,9.98,0.65,2026-06-13,False
2026-08-29,803.6,9.48,1.24,5.99,0.0,2.19,0.0,0.0,1.01,805.13,,5.7,1.16,2026-06-13,False
2026-08-30,805.13,11.05,1.27,5.49,0.0,2.41,0.0,0.0,1.01,808.55,,5.21,1.16,2026-06-13,False
2026-08-31,808.55,14.92,1.02,4.92,0.0,2.03,0.0,0.0,0.89,816.65,,4.68,1.02,2026-06-13,False
2026-09-01,816.65,12.72,1.22,4.26,0.0,1.85,0.0,0.0,2.87,821.61,,4.05,3.3,2026-06-13,False
2026-09-02,821.61,10.06,0.49,5.63,0.0,2.2,0.0,0.0,1.09,823.24,,5.35,1.25,2026-06-13,False
2026-09-03,823.24,9.88,1.35,5.4,0.0,2.13,0.0,0.0,2.91,824.04,,5.13,3.35,2026-06-13,False
2026-09-04,824.04,9.78,1.19,7.98,0.0,2.05,0.0,0.0,1.17,823.81,,9.1,1.34,2026-06-13,False
2026-09-05,823.81,9.16,1.1,5.72,0.0,2.29,0.0,0.0,0.99,825.06,,5.43,1.14,2026-06-13,False
2026-09-06,825.06,9.75,1.14,4.29,0.0,1.75,0.0,0.0,0.93,828.99,,4.08,1.06,2026-06-13,False
2026-09-07,828.99,13.58,1.36,4.63,,1.89,0.0,0.0,0.62,820.72,,4.4,0.71,2026-06-13,False
2026-09-08,820.72,13.73,1.1,5.13,0.0,1.72,0.0,0.0,2.51,826.2,,4.88,2.88,2026-06-13,False
2026-09-09,826.2,10.08,1.29,4.37,0.0,1.82,0.0,0.0,0.88,830.5,,4.15,1.01,2026-06-13,False
2026-09-10,830.5,10.26,1.32,5.85,0.0,2.08,0.0,0.0,2.77,831.38,,5.56,3.19,2026-06-13,False
2026-09-11,831.38,10.83,1.11,6.62,0.0,2.02,0.0,0.0,1.02,833.66,,7.55,1.17,2026-06-13,False
2026-09-12,833.66,11.83,1.31,5.8,0.0,2.17,0.0,0.0,1.02,837.8,,5.51,1.17,2026-06-13,False
2026-09-13,837.8,11.05,0.95,5.06,0.0,2.09,0.0,0.0,0.74,841.92,,4.81,0.85,2026-06-13,False
2026-09-14,841.92,13.25,1.08,3.22,0.0,2.09,0.0,0.0,0.79,850.14,,3.06,0.91,2026-06-13,False
2026-09-15,850.14,12.77,1.1,5.7,0.0,1.99,32.0,0.0,2.94,821.38,,5.42,3.38,2026-06-13,False
2026-09-16,821.38,9.78,1.38,5.83,0.0,2.51,0.0,0.0,0.77,823.43,,5.53,0.88,2026-06-13,False
2026-09-17,823.43,10.89,1.28,34.77,0.0,2.2,0.0,0.0,2.92,795.71,,33.03,3.36,2026-06-13,False
2026-09-18,795.71,10.89,0.6,6.27,0.0,1.95,0.0,0.0,1.27,797.71,,7.14,1.46,2026-06-13,False
2026-09-19,797.71,10.2,0.94,3.36,0.0,2.22,0.0,0.0,0.83,802.44,,3.19,0.95,2026-06-13,False
2026-09-20,802.44,10.74,0.78,6.29,0.0,1.82,0.0,0.0,0.89,804.96,,5.97,1.02,2026-06-13,False
2026-09-21,804.96,12.62,0.98,5.06,,1.99,0.0,0.0,0.93,793.78,,4.8,1.07,2026-06-13,False
2026-09-22,793.78,13.24,1.62,5.29,0.0,2.14,0.0,0.0,2.91,798.3,,5.02,3.34,2026-06-13,False
2026-09-23,798.3,11.52,1.4,5.57,0.0,1.92,0.0,0.0,0.93,802.81,,5.29,1.07,2026-06-13,False
2026-09-24,802.81,10.24,0.91,6.4,0.0,2.19,0.0,0.0,2.72,802.65,,6.08,3.12,2026-06-13,False
